[
  {
    "sensor_id": 10000,
    "timestamp": 2051222500,
    "visual_analysis": "NORMAL"
  },
  {
    "sensor_id": 10001,
    "timestamp": 2051222501,
    "visual_analysis": "NORMAL"
  },
  {
    "sensor_id": 10002,
    "timestamp": 2051222502,
    "visual_analysis": "WARNING"
  },
  {
    "sensor_id": 10003,
    "timestamp": 2051222503,
    "visual_analysis": "NORMAL"
  },
  {
    "sensor_id": 10004,
    "timestamp": 2051222504,
    "visual_analysis": "NORMAL"
  },
  {
    "sensor_id": 10005,
    "timestamp": 2051222505,
    "visual_analysis": "NORMAL"
  },
  {
    "sensor_id": 10006,
    "timestamp": 2051222506,
    "visual_analysis": "NORMAL"
  },
  {
    "sensor_id": 10007,
    "timestamp": 2051222507,
    "visual_analysis": "NORMAL"
  },
  {
    "sensor_id": 10008,
    "timestamp": 2051222508,
    "visual_analysis": "NORMAL"
  },
  {
    "sensor_id": 10009,
    "timestamp": 2051222509,
    "visual_analysis": "NORMAL"
  },
  {
    "sensor_id": 10010,
    "timestamp": 2051222510,
    "visual_analysis": "NORMAL"
  },
  {
    "sensor_id": 10011,
    "timestamp": 2051222511,
    "visual_analysis": "NORMAL"
  },
  {
    "sensor_id": 10012,
    "timestamp": 2051222512,
    "visual_analysis": "NORMAL"
  },
  {
    "sensor_id": 10013,
    "timestamp": 2051222513,
    "visual_analysis": "WARNING"
  },
  {
    "sensor_id": 10014,
    "timestamp": 2051222514,
    "visual_analysis": "NORMAL"
  },
  {
    "sensor_id": 10015,
    "timestamp": 2051222515,
    "visual_analysis": "NORMAL"
  },
  {
    "sensor_id": 10016,
    "timestamp": 2051222516,
    "visual_analysis": "NORMAL"
  },
  {
    "sensor_id": 10017,
    "timestamp": 2051222517,
    "visual_analysis": "NORMAL"
  },
  {
    "sensor_id": 10018,
    "timestamp": 2051222518,
    "visual_analysis": "NORMAL"
  },
  {
    "sensor_id": 10019,
    "timestamp": 2051222519,
    "visual_analysis": "NORMAL"
  },
  {
    "sensor_id": 10020,
    "timestamp": 2051222520,
    "visual_analysis": "NORMAL"
  },
  {
    "sensor_id": 10021,
    "timestamp": 2051222521,
    "visual_analysis": "NORMAL"
  },
  {
    "sensor_id": 10022,
    "timestamp": 2051222522,
    "visual_analysis": "NORMAL"
  },
  {
    "sensor_id": 10023,
    "timestamp": 2051222523,
    "visual_analysis": "WARNING"
  },
  {
    "sensor_id": 10024,
    "timestamp": 2051222524,
    "visual_analysis": "NORMAL"
  },
  {
    "sensor_id": 10025,
    "timestamp": 2051222525,
    "visual_analysis": "NORMAL"
  },
  {
    "sensor_id": 10026,
    "timestamp": 2051222526,
    "visual_analysis": "NORMAL"
  },
  {
    "sensor_id": 10027,
    "timestamp": 2051222527,
    "visual_analysis": "NORMAL"
  },
  {
    "sensor_id": 10028,
    "timestamp": 2051222528,
    "visual_analysis": "NORMAL"
  },
  {
    "sensor_id": 10029,
    "timestamp": 2051222529,
    "visual_analysis": "NORMAL"
  },
  {
    "sensor_id": 10030,
    "timestamp": 2051222530,
    "visual_analysis": "NORMAL"
  },
  {
    "sensor_id": 10031,
    "timestamp": 2051222531,
    "visual_analysis": "NORMAL"
  },
  {
    "sensor_id": 10032,
    "timestamp": 2051222532,
    "visual_analysis": "NORMAL"
  },
  {
    "sensor_id": 10033,
    "timestamp": 2051222533,
    "visual_analysis": "NORMAL"
  },
  {
    "sensor_id": 10034,
    "timestamp": 2051222534,
    "visual_analysis": "NORMAL"
  },
  {
    "sensor_id": 10035,
    "timestamp": 2051222535,
    "visual_analysis": "NORMAL"
  },
  {
    "sensor_id": 10036,
    "timestamp": 2051222536,
    "visual_analysis": "NORMAL"
  },
  {
    "sensor_id": 10037,
    "timestamp": 2051222537,
    "visual_analysis": "NORMAL"
  },
  {
    "sensor_id": 10038,
    "timestamp": 2051222538,
    "visual_analysis": "NORMAL"
  },
  {
    "sensor_id": 10039,
    "timestamp": 2051222539,
    "visual_analysis": "NORMAL"
  },
  {
    "sensor_id": 10040,
    "timestamp": 2051222540,
    "visual_analysis": "NORMAL"
  },
  {
    "sensor_id": 10041,
    "timestamp": 2051222541,
    "visual_analysis": "NORMAL"
  },
  {
    "sensor_id": 10042,
    "timestamp": 2051222542,
    "visual_analysis": "NORMAL"
  },
  {
    "sensor_id": 10043,
    "timestamp": 2051222543,
    "visual_analysis": "NORMAL"
  },
  {
    "sensor_id": 10044,
    "timestamp": 2051222544,
    "visual_analysis": "WARNING"
  },
  {
    "sensor_id": 10045,
    "timestamp": 2051222545,
    "visual_analysis": "NORMAL"
  },
  {
    "sensor_id": 10046,
    "timestamp": 2051222546,
    "visual_analysis": "NORMAL"
  },
  {
    "sensor_id": 10047,
    "timestamp": 2051222547,
    "visual_analysis": "NORMAL"
  },
  {
    "sensor_id": 10048,
    "timestamp": 2051222548,
    "visual_analysis": "NORMAL"
  },
  {
    "sensor_id": 10049,
    "timestamp": 2051222549,
    "visual_analysis": "NORMAL"
  },
  {
    "sensor_id": 10050,
    "timestamp": 2051222550,
    "visual_analysis": "NORMAL"
  },
  {
    "sensor_id": 10051,
    "timestamp": 2051222551,
    "visual_analysis": "NORMAL"
  },
  {
    "sensor_id": 10052,
    "timestamp": 2051222552,
    "visual_analysis": "NORMAL"
  },
  {
    "sensor_id": 10053,
    "timestamp": 2051222553,
    "visual_analysis": "NORMAL"
  },
  {
    "sensor_id": 10054,
    "timestamp": 2051222554,
    "visual_analysis": "NORMAL"
  },
  {
    "sensor_id": 10055,
    "timestamp": 2051222555,
    "visual_analysis": "NORMAL"
  },
  {
    "sensor_id": 10056,
    "timestamp": 2051222556,
    "visual_analysis": "NORMAL"
  },
  {
    "sensor_id": 10057,
    "timestamp": 2051222557,
    "visual_analysis": "NORMAL"
  },
  {
    "sensor_id": 10058,
    "timestamp": 2051222558,
    "visual_analysis": "NORMAL"
  },
  {
    "sensor_id": 10059,
    "timestamp": 2051222559,
    "visual_analysis": "NORMAL"
  },
  {
    "sensor_id": 10060,
    "timestamp": 2051222560,
    "visual_analysis": "NORMAL"
  },
  {
    "sensor_id": 10061,
    "timestamp": 2051222561,
    "visual_analysis": "NORMAL"
  },
  {
    "sensor_id": 10062,
    "timestamp": 2051222562,
    "visual_analysis": "NORMAL"
  },
  {
    "sensor_id": 10063,
    "timestamp": 2051222563,
    "visual_analysis": "NORMAL"
  },
  {
    "sensor_id": 10064,
    "timestamp": 2051222564,
    "visual_analysis": "NORMAL"
  },
  {
    "sensor_id": 10065,
    "timestamp": 2051222565,
    "visual_analysis": "NORMAL"
  },
  {
    "sensor_id": 10066,
    "timestamp": 2051222566,
    "visual_analysis": "NORMAL"
  },
  {
    "sensor_id": 10067,
    "timestamp": 2051222567,
    "visual_analysis": "NORMAL"
  },
  {
    "sensor_id": 10068,
    "timestamp": 2051222568,
    "visual_analysis": "NORMAL"
  },
  {
    "sensor_id": 10069,
    "timestamp": 2051222569,
    "visual_analysis": "NORMAL"
  },
  {
    "sensor_id": 10070,
    "timestamp": 2051222570,
    "visual_analysis": "NORMAL"
  },
  {
    "sensor_id": 10071,
    "timestamp": 2051222571,
    "visual_analysis": "NORMAL"
  },
  {
    "sensor_id": 10072,
    "timestamp": 2051222572,
    "visual_analysis": "NORMAL"
  },
  {
    "sensor_id": 10073,
    "timestamp": 2051222573,
    "visual_analysis": "NORMAL"
  },
  {
    "sensor_id": 10074,
    "timestamp": 2051222574,
    "visual_analysis": "NORMAL"
  },
  {
    "sensor_id": 10075,
    "timestamp": 2051222575,
    "visual_analysis": "NORMAL"
  },
  {
    "sensor_id": 10076,
    "timestamp": 2051222576,
    "visual_analysis": "NORMAL"
  },
  {
    "sensor_id": 10077,
    "timestamp": 2051222577,
    "visual_analysis": "NORMAL"
  },
  {
    "sensor_id": 10078,
    "timestamp": 2051222578,
    "visual_analysis": "NORMAL"
  },
  {
    "sensor_id": 10079,
    "timestamp": 2051222579,
    "visual_analysis": "NORMAL"
  },
  {
    "sensor_id": 10080,
    "timestamp": 2051222580,
    "visual_analysis": "NORMAL"
  },
  {
    "sensor_id": 10081,
    "timestamp": 2051222581,
    "visual_analysis": "NORMAL"
  },
  {
    "sensor_id": 10082,
    "timestamp": 2051222582,
    "visual_analysis": "NORMAL"
  },
  {
    "sensor_id": 10083,
    "timestamp": 2051222583,
    "visual_analysis": "WARNING"
  },
  {
    "sensor_id": 10084,
    "timestamp": 2051222584,
    "visual_analysis": "NORMAL"
  },
  {
    "sensor_id": 10085,
    "timestamp": 2051222585,
    "visual_analysis": "NORMAL"
  },
  {
    "sensor_id": 10086,
    "timestamp": 2051222586,
    "visual_analysis": "NORMAL"
  },
  {
    "sensor_id": 10087,
    "timestamp": 2051222587,
    "visual_analysis": "NORMAL"
  },
  {
    "sensor_id": 10088,
    "timestamp": 2051222588,
    "visual_analysis": "CRASH"
  },
  {
    "sensor_id": 10089,
    "timestamp": 2051222589,
    "visual_analysis": "NORMAL"
  },
  {
    "sensor_id": 10090,
    "timestamp": 2051222590,
    "visual_analysis": "NORMAL"
  },
  {
    "sensor_id": 10091,
    "timestamp": 2051222591,
    "visual_analysis": "NORMAL"
  },
  {
    "sensor_id": 10092,
    "timestamp": 2051222592,
    "visual_analysis": "NORMAL"
  },
  {
    "sensor_id": 10093,
    "timestamp": 2051222593,
    "visual_analysis": "NORMAL"
  },
  {
    "sensor_id": 10094,
    "timestamp": 2051222594,
    "visual_analysis": "NORMAL"
  },
  {
    "sensor_id": 10095,
    "timestamp": 2051222595,
    "visual_analysis": "NORMAL"
  },
  {
    "sensor_id": 10096,
    "timestamp": 2051222596,
    "visual_analysis": "NORMAL"
  },
  {
    "sensor_id": 10097,
    "timestamp": 2051222597,
    "visual_analysis": "NORMAL"
  },
  {
    "sensor_id": 10098,
    "timestamp": 2051222598,
    "visual_analysis": "NORMAL"
  },
  {
    "sensor_id": 10099,
    "timestamp": 2051222599,
    "visual_analysis": "NORMAL"
  },
  {
    "sensor_id": 10100,
    "timestamp": 2051222600,
    "visual_analysis": "NORMAL"
  },
  {
    "sensor_id": 10101,
    "timestamp": 2051222601,
    "visual_analysis": "NORMAL"
  },
  {
    "sensor_id": 10102,
    "timestamp": 2051222602,
    "visual_analysis": "NORMAL"
  },
  {
    "sensor_id": 10103,
    "timestamp": 2051222603,
    "visual_analysis": "NORMAL"
  },
  {
    "sensor_id": 10104,
    "timestamp": 2051222604,
    "visual_analysis": "NORMAL"
  },
  {
    "sensor_id": 10105,
    "timestamp": 2051222605,
    "visual_analysis": "NORMAL"
  },
  {
    "sensor_id": 10106,
    "timestamp": 2051222606,
    "visual_analysis": "NORMAL"
  },
  {
    "sensor_id": 10107,
    "timestamp": 2051222607,
    "visual_analysis": "WARNING"
  },
  {
    "sensor_id": 10108,
    "timestamp": 2051222608,
    "visual_analysis": "NORMAL"
  },
  {
    "sensor_id": 10109,
    "timestamp": 2051222609,
    "visual_analysis": "NORMAL"
  },
  {
    "sensor_id": 10110,
    "timestamp": 2051222610,
    "visual_analysis": "NORMAL"
  },
  {
    "sensor_id": 10111,
    "timestamp": 2051222611,
    "visual_analysis": "NORMAL"
  },
  {
    "sensor_id": 10112,
    "timestamp": 2051222612,
    "visual_analysis": "NORMAL"
  },
  {
    "sensor_id": 10113,
    "timestamp": 2051222613,
    "visual_analysis": "NORMAL"
  },
  {
    "sensor_id": 10114,
    "timestamp": 2051222614,
    "visual_analysis": "WARNING"
  },
  {
    "sensor_id": 10115,
    "timestamp": 2051222615,
    "visual_analysis": "NORMAL"
  },
  {
    "sensor_id": 10116,
    "timestamp": 2051222616,
    "visual_analysis": "NORMAL"
  },
  {
    "sensor_id": 10117,
    "timestamp": 2051222617,
    "visual_analysis": "NORMAL"
  },
  {
    "sensor_id": 10118,
    "timestamp": 2051222618,
    "visual_analysis": "NORMAL"
  },
  {
    "sensor_id": 10119,
    "timestamp": 2051222619,
    "visual_analysis": "NORMAL"
  },
  {
    "sensor_id": 10120,
    "timestamp": 2051222620,
    "visual_analysis": "NORMAL"
  },
  {
    "sensor_id": 10121,
    "timestamp": 2051222621,
    "visual_analysis": "NORMAL"
  },
  {
    "sensor_id": 10122,
    "timestamp": 2051222622,
    "visual_analysis": "NORMAL"
  },
  {
    "sensor_id": 10123,
    "timestamp": 2051222623,
    "visual_analysis": "NORMAL"
  },
  {
    "sensor_id": 10124,
    "timestamp": 2051222624,
    "visual_analysis": "WARNING"
  },
  {
    "sensor_id": 10125,
    "timestamp": 2051222625,
    "visual_analysis": "NORMAL"
  },
  {
    "sensor_id": 10126,
    "timestamp": 2051222626,
    "visual_analysis": "NORMAL"
  },
  {
    "sensor_id": 10127,
    "timestamp": 2051222627,
    "visual_analysis": "NORMAL"
  },
  {
    "sensor_id": 10128,
    "timestamp": 2051222628,
    "visual_analysis": "NORMAL"
  },
  {
    "sensor_id": 10129,
    "timestamp": 2051222629,
    "visual_analysis": "NORMAL"
  },
  {
    "sensor_id": 10130,
    "timestamp": 2051222630,
    "visual_analysis": "NORMAL"
  },
  {
    "sensor_id": 10131,
    "timestamp": 2051222631,
    "visual_analysis": "NORMAL"
  },
  {
    "sensor_id": 10132,
    "timestamp": 2051222632,
    "visual_analysis": "NORMAL"
  },
  {
    "sensor_id": 10133,
    "timestamp": 2051222633,
    "visual_analysis": "NORMAL"
  },
  {
    "sensor_id": 10134,
    "timestamp": 2051222634,
    "visual_analysis": "NORMAL"
  },
  {
    "sensor_id": 10135,
    "timestamp": 2051222635,
    "visual_analysis": "NORMAL"
  },
  {
    "sensor_id": 10136,
    "timestamp": 2051222636,
    "visual_analysis": "NORMAL"
  },
  {
    "sensor_id": 10137,
    "timestamp": 2051222637,
    "visual_analysis": "NORMAL"
  },
  {
    "sensor_id": 10138,
    "timestamp": 2051222638,
    "visual_analysis": "NORMAL"
  },
  {
    "sensor_id": 10139,
    "timestamp": 2051222639,
    "visual_analysis": "NORMAL"
  },
  {
    "sensor_id": 10140,
    "timestamp": 2051222640,
    "visual_analysis": "NORMAL"
  },
  {
    "sensor_id": 10141,
    "timestamp": 2051222641,
    "visual_analysis": "NORMAL"
  },
  {
    "sensor_id": 10142,
    "timestamp": 2051222642,
    "visual_analysis": "NORMAL"
  },
  {
    "sensor_id": 10143,
    "timestamp": 2051222643,
    "visual_analysis": "NORMAL"
  },
  {
    "sensor_id": 10144,
    "timestamp": 2051222644,
    "visual_analysis": "NORMAL"
  },
  {
    "sensor_id": 10145,
    "timestamp": 2051222645,
    "visual_analysis": "NORMAL"
  },
  {
    "sensor_id": 10146,
    "timestamp": 2051222646,
    "visual_analysis": "NORMAL"
  },
  {
    "sensor_id": 10147,
    "timestamp": 2051222647,
    "visual_analysis": "NORMAL"
  },
  {
    "sensor_id": 10148,
    "timestamp": 2051222648,
    "visual_analysis": "NORMAL"
  },
  {
    "sensor_id": 10149,
    "timestamp": 2051222649,
    "visual_analysis": "NORMAL"
  },
  {
    "sensor_id": 10150,
    "timestamp": 2051222650,
    "visual_analysis": "NORMAL"
  },
  {
    "sensor_id": 10151,
    "timestamp": 2051222651,
    "visual_analysis": "NORMAL"
  },
  {
    "sensor_id": 10152,
    "timestamp": 2051222652,
    "visual_analysis": "NORMAL"
  },
  {
    "sensor_id": 10153,
    "timestamp": 2051222653,
    "visual_analysis": "NORMAL"
  },
  {
    "sensor_id": 10154,
    "timestamp": 2051222654,
    "visual_analysis": "WARNING"
  },
  {
    "sensor_id": 10155,
    "timestamp": 2051222655,
    "visual_analysis": "NORMAL"
  },
  {
    "sensor_id": 10156,
    "timestamp": 2051222656,
    "visual_analysis": "NORMAL"
  },
  {
    "sensor_id": 10157,
    "timestamp": 2051222657,
    "visual_analysis": "NORMAL"
  },
  {
    "sensor_id": 10158,
    "timestamp": 2051222658,
    "visual_analysis": "NORMAL"
  },
  {
    "sensor_id": 10159,
    "timestamp": 2051222659,
    "visual_analysis": "NORMAL"
  },
  {
    "sensor_id": 10160,
    "timestamp": 2051222660,
    "visual_analysis": "NORMAL"
  },
  {
    "sensor_id": 10161,
    "timestamp": 2051222661,
    "visual_analysis": "NORMAL"
  },
  {
    "sensor_id": 10162,
    "timestamp": 2051222662,
    "visual_analysis": "NORMAL"
  },
  {
    "sensor_id": 10163,
    "timestamp": 2051222663,
    "visual_analysis": "NORMAL"
  },
  {
    "sensor_id": 10164,
    "timestamp": 2051222664,
    "visual_analysis": "NORMAL"
  },
  {
    "sensor_id": 10165,
    "timestamp": 2051222665,
    "visual_analysis": "NORMAL"
  },
  {
    "sensor_id": 10166,
    "timestamp": 2051222666,
    "visual_analysis": "NORMAL"
  },
  {
    "sensor_id": 10167,
    "timestamp": 2051222667,
    "visual_analysis": "NORMAL"
  },
  {
    "sensor_id": 10168,
    "timestamp": 2051222668,
    "visual_analysis": "NORMAL"
  },
  {
    "sensor_id": 10169,
    "timestamp": 2051222669,
    "visual_analysis": "NORMAL"
  },
  {
    "sensor_id": 10170,
    "timestamp": 2051222670,
    "visual_analysis": "NORMAL"
  },
  {
    "sensor_id": 10171,
    "timestamp": 2051222671,
    "visual_analysis": "WARNING"
  },
  {
    "sensor_id": 10172,
    "timestamp": 2051222672,
    "visual_analysis": "NORMAL"
  },
  {
    "sensor_id": 10173,
    "timestamp": 2051222673,
    "visual_analysis": "NORMAL"
  },
  {
    "sensor_id": 10174,
    "timestamp": 2051222674,
    "visual_analysis": "NORMAL"
  },
  {
    "sensor_id": 10175,
    "timestamp": 2051222675,
    "visual_analysis": "NORMAL"
  },
  {
    "sensor_id": 10176,
    "timestamp": 2051222676,
    "visual_analysis": "NORMAL"
  },
  {
    "sensor_id": 10177,
    "timestamp": 2051222677,
    "visual_analysis": "NORMAL"
  },
  {
    "sensor_id": 10178,
    "timestamp": 2051222678,
    "visual_analysis": "NORMAL"
  },
  {
    "sensor_id": 10179,
    "timestamp": 2051222679,
    "visual_analysis": "NORMAL"
  },
  {
    "sensor_id": 10180,
    "timestamp": 2051222680,
    "visual_analysis": "WARNING"
  },
  {
    "sensor_id": 10181,
    "timestamp": 2051222681,
    "visual_analysis": "NORMAL"
  },
  {
    "sensor_id": 10182,
    "timestamp": 2051222682,
    "visual_analysis": "NORMAL"
  },
  {
    "sensor_id": 10183,
    "timestamp": 2051222683,
    "visual_analysis": "NORMAL"
  },
  {
    "sensor_id": 10184,
    "timestamp": 2051222684,
    "visual_analysis": "NORMAL"
  },
  {
    "sensor_id": 10185,
    "timestamp": 2051222685,
    "visual_analysis": "CRASH"
  },
  {
    "sensor_id": 10186,
    "timestamp": 2051222686,
    "visual_analysis": "NORMAL"
  },
  {
    "sensor_id": 10187,
    "timestamp": 2051222687,
    "visual_analysis": "NORMAL"
  },
  {
    "sensor_id": 10188,
    "timestamp": 2051222688,
    "visual_analysis": "NORMAL"
  },
  {
    "sensor_id": 10189,
    "timestamp": 2051222689,
    "visual_analysis": "NORMAL"
  },
  {
    "sensor_id": 10190,
    "timestamp": 2051222690,
    "visual_analysis": "NORMAL"
  },
  {
    "sensor_id": 10191,
    "timestamp": 2051222691,
    "visual_analysis": "NORMAL"
  },
  {
    "sensor_id": 10192,
    "timestamp": 2051222692,
    "visual_analysis": "WARNING"
  },
  {
    "sensor_id": 10193,
    "timestamp": 2051222693,
    "visual_analysis": "NORMAL"
  },
  {
    "sensor_id": 10194,
    "timestamp": 2051222694,
    "visual_analysis": "NORMAL"
  },
  {
    "sensor_id": 10195,
    "timestamp": 2051222695,
    "visual_analysis": "NORMAL"
  },
  {
    "sensor_id": 10196,
    "timestamp": 2051222696,
    "visual_analysis": "WARNING"
  },
  {
    "sensor_id": 10197,
    "timestamp": 2051222697,
    "visual_analysis": "NORMAL"
  },
  {
    "sensor_id": 10198,
    "timestamp": 2051222698,
    "visual_analysis": "NORMAL"
  },
  {
    "sensor_id": 10199,
    "timestamp": 2051222699,
    "visual_analysis": "NORMAL"
  },
  {
    "sensor_id": 10200,
    "timestamp": 2051222700,
    "visual_analysis": "NORMAL"
  },
  {
    "sensor_id": 10201,
    "timestamp": 2051222701,
    "visual_analysis": "NORMAL"
  },
  {
    "sensor_id": 10202,
    "timestamp": 2051222702,
    "visual_analysis": "NORMAL"
  },
  {
    "sensor_id": 10203,
    "timestamp": 2051222703,
    "visual_analysis": "NORMAL"
  },
  {
    "sensor_id": 10204,
    "timestamp": 2051222704,
    "visual_analysis": "NORMAL"
  },
  {
    "sensor_id": 10205,
    "timestamp": 2051222705,
    "visual_analysis": "NORMAL"
  },
  {
    "sensor_id": 10206,
    "timestamp": 2051222706,
    "visual_analysis": "NORMAL"
  },
  {
    "sensor_id": 10207,
    "timestamp": 2051222707,
    "visual_analysis": "NORMAL"
  },
  {
    "sensor_id": 10208,
    "timestamp": 2051222708,
    "visual_analysis": "NORMAL"
  },
  {
    "sensor_id": 10209,
    "timestamp": 2051222709,
    "visual_analysis": "NORMAL"
  },
  {
    "sensor_id": 10210,
    "timestamp": 2051222710,
    "visual_analysis": "NORMAL"
  },
  {
    "sensor_id": 10211,
    "timestamp": 2051222711,
    "visual_analysis": "NORMAL"
  },
  {
    "sensor_id": 10212,
    "timestamp": 2051222712,
    "visual_analysis": "NORMAL"
  },
  {
    "sensor_id": 10213,
    "timestamp": 2051222713,
    "visual_analysis": "NORMAL"
  },
  {
    "sensor_id": 10214,
    "timestamp": 2051222714,
    "visual_analysis": "NORMAL"
  },
  {
    "sensor_id": 10215,
    "timestamp": 2051222715,
    "visual_analysis": "NORMAL"
  },
  {
    "sensor_id": 10216,
    "timestamp": 2051222716,
    "visual_analysis": "NORMAL"
  },
  {
    "sensor_id": 10217,
    "timestamp": 2051222717,
    "visual_analysis": "NORMAL"
  },
  {
    "sensor_id": 10218,
    "timestamp": 2051222718,
    "visual_analysis": "NORMAL"
  },
  {
    "sensor_id": 10219,
    "timestamp": 2051222719,
    "visual_analysis": "NORMAL"
  },
  {
    "sensor_id": 10220,
    "timestamp": 2051222720,
    "visual_analysis": "NORMAL"
  },
  {
    "sensor_id": 10221,
    "timestamp": 2051222721,
    "visual_analysis": "NORMAL"
  },
  {
    "sensor_id": 10222,
    "timestamp": 2051222722,
    "visual_analysis": "NORMAL"
  },
  {
    "sensor_id": 10223,
    "timestamp": 2051222723,
    "visual_analysis": "NORMAL"
  },
  {
    "sensor_id": 10224,
    "timestamp": 2051222724,
    "visual_analysis": "WARNING"
  },
  {
    "sensor_id": 10225,
    "timestamp": 2051222725,
    "visual_analysis": "NORMAL"
  },
  {
    "sensor_id": 10226,
    "timestamp": 2051222726,
    "visual_analysis": "NORMAL"
  },
  {
    "sensor_id": 10227,
    "timestamp": 2051222727,
    "visual_analysis": "NORMAL"
  },
  {
    "sensor_id": 10228,
    "timestamp": 2051222728,
    "visual_analysis": "NORMAL"
  },
  {
    "sensor_id": 10229,
    "timestamp": 2051222729,
    "visual_analysis": "NORMAL"
  },
  {
    "sensor_id": 10230,
    "timestamp": 2051222730,
    "visual_analysis": "NORMAL"
  },
  {
    "sensor_id": 10231,
    "timestamp": 2051222731,
    "visual_analysis": "NORMAL"
  },
  {
    "sensor_id": 10232,
    "timestamp": 2051222732,
    "visual_analysis": "NORMAL"
  },
  {
    "sensor_id": 10233,
    "timestamp": 2051222733,
    "visual_analysis": "NORMAL"
  },
  {
    "sensor_id": 10234,
    "timestamp": 2051222734,
    "visual_analysis": "NORMAL"
  },
  {
    "sensor_id": 10235,
    "timestamp": 2051222735,
    "visual_analysis": "NORMAL"
  },
  {
    "sensor_id": 10236,
    "timestamp": 2051222736,
    "visual_analysis": "NORMAL"
  },
  {
    "sensor_id": 10237,
    "timestamp": 2051222737,
    "visual_analysis": "NORMAL"
  },
  {
    "sensor_id": 10238,
    "timestamp": 2051222738,
    "visual_analysis": "NORMAL"
  },
  {
    "sensor_id": 10239,
    "timestamp": 2051222739,
    "visual_analysis": "NORMAL"
  },
  {
    "sensor_id": 10240,
    "timestamp": 2051222740,
    "visual_analysis": "NORMAL"
  },
  {
    "sensor_id": 10241,
    "timestamp": 2051222741,
    "visual_analysis": "NORMAL"
  },
  {
    "sensor_id": 10242,
    "timestamp": 2051222742,
    "visual_analysis": "NORMAL"
  },
  {
    "sensor_id": 10243,
    "timestamp": 2051222743,
    "visual_analysis": "NORMAL"
  },
  {
    "sensor_id": 10244,
    "timestamp": 2051222744,
    "visual_analysis": "NORMAL"
  },
  {
    "sensor_id": 10245,
    "timestamp": 2051222745,
    "visual_analysis": "NORMAL"
  },
  {
    "sensor_id": 10246,
    "timestamp": 2051222746,
    "visual_analysis": "NORMAL"
  },
  {
    "sensor_id": 10247,
    "timestamp": 2051222747,
    "visual_analysis": "NORMAL"
  },
  {
    "sensor_id": 10248,
    "timestamp": 2051222748,
    "visual_analysis": "NORMAL"
  },
  {
    "sensor_id": 10249,
    "timestamp": 2051222749,
    "visual_analysis": "NORMAL"
  },
  {
    "sensor_id": 10250,
    "timestamp": 2051222750,
    "visual_analysis": "NORMAL"
  },
  {
    "sensor_id": 10251,
    "timestamp": 2051222751,
    "visual_analysis": "NORMAL"
  },
  {
    "sensor_id": 10252,
    "timestamp": 2051222752,
    "visual_analysis": "NORMAL"
  },
  {
    "sensor_id": 10253,
    "timestamp": 2051222753,
    "visual_analysis": "NORMAL"
  },
  {
    "sensor_id": 10254,
    "timestamp": 2051222754,
    "visual_analysis": "NORMAL"
  },
  {
    "sensor_id": 10255,
    "timestamp": 2051222755,
    "visual_analysis": "NORMAL"
  },
  {
    "sensor_id": 10256,
    "timestamp": 2051222756,
    "visual_analysis": "NORMAL"
  },
  {
    "sensor_id": 10257,
    "timestamp": 2051222757,
    "visual_analysis": "NORMAL"
  },
  {
    "sensor_id": 10258,
    "timestamp": 2051222758,
    "visual_analysis": "NORMAL"
  },
  {
    "sensor_id": 10259,
    "timestamp": 2051222759,
    "visual_analysis": "NORMAL"
  },
  {
    "sensor_id": 10260,
    "timestamp": 2051222760,
    "visual_analysis": "NORMAL"
  },
  {
    "sensor_id": 10261,
    "timestamp": 2051222761,
    "visual_analysis": "WARNING"
  },
  {
    "sensor_id": 10262,
    "timestamp": 2051222762,
    "visual_analysis": "NORMAL"
  },
  {
    "sensor_id": 10263,
    "timestamp": 2051222763,
    "visual_analysis": "NORMAL"
  },
  {
    "sensor_id": 10264,
    "timestamp": 2051222764,
    "visual_analysis": "NORMAL"
  },
  {
    "sensor_id": 10265,
    "timestamp": 2051222765,
    "visual_analysis": "NORMAL"
  },
  {
    "sensor_id": 10266,
    "timestamp": 2051222766,
    "visual_analysis": "NORMAL"
  },
  {
    "sensor_id": 10267,
    "timestamp": 2051222767,
    "visual_analysis": "NORMAL"
  },
  {
    "sensor_id": 10268,
    "timestamp": 2051222768,
    "visual_analysis": "NORMAL"
  },
  {
    "sensor_id": 10269,
    "timestamp": 2051222769,
    "visual_analysis": "NORMAL"
  },
  {
    "sensor_id": 10270,
    "timestamp": 2051222770,
    "visual_analysis": "NORMAL"
  },
  {
    "sensor_id": 10271,
    "timestamp": 2051222771,
    "visual_analysis": "NORMAL"
  },
  {
    "sensor_id": 10272,
    "timestamp": 2051222772,
    "visual_analysis": "NORMAL"
  },
  {
    "sensor_id": 10273,
    "timestamp": 2051222773,
    "visual_analysis": "NORMAL"
  },
  {
    "sensor_id": 10274,
    "timestamp": 2051222774,
    "visual_analysis": "NORMAL"
  },
  {
    "sensor_id": 10275,
    "timestamp": 2051222775,
    "visual_analysis": "NORMAL"
  },
  {
    "sensor_id": 10276,
    "timestamp": 2051222776,
    "visual_analysis": "NORMAL"
  },
  {
    "sensor_id": 10277,
    "timestamp": 2051222777,
    "visual_analysis": "NORMAL"
  },
  {
    "sensor_id": 10278,
    "timestamp": 2051222778,
    "visual_analysis": "NORMAL"
  },
  {
    "sensor_id": 10279,
    "timestamp": 2051222779,
    "visual_analysis": "NORMAL"
  },
  {
    "sensor_id": 10280,
    "timestamp": 2051222780,
    "visual_analysis": "NORMAL"
  },
  {
    "sensor_id": 10281,
    "timestamp": 2051222781,
    "visual_analysis": "NORMAL"
  },
  {
    "sensor_id": 10282,
    "timestamp": 2051222782,
    "visual_analysis": "FIRE"
  },
  {
    "sensor_id": 10283,
    "timestamp": 2051222783,
    "visual_analysis": "NORMAL"
  },
  {
    "sensor_id": 10284,
    "timestamp": 2051222784,
    "visual_analysis": "WARNING"
  },
  {
    "sensor_id": 10285,
    "timestamp": 2051222785,
    "visual_analysis": "NORMAL"
  },
  {
    "sensor_id": 10286,
    "timestamp": 2051222786,
    "visual_analysis": "NORMAL"
  },
  {
    "sensor_id": 10287,
    "timestamp": 2051222787,
    "visual_analysis": "NORMAL"
  },
  {
    "sensor_id": 10288,
    "timestamp": 2051222788,
    "visual_analysis": "NORMAL"
  },
  {
    "sensor_id": 10289,
    "timestamp": 2051222789,
    "visual_analysis": "NORMAL"
  },
  {
    "sensor_id": 10290,
    "timestamp": 2051222790,
    "visual_analysis": "NORMAL"
  },
  {
    "sensor_id": 10291,
    "timestamp": 2051222791,
    "visual_analysis": "NORMAL"
  },
  {
    "sensor_id": 10292,
    "timestamp": 2051222792,
    "visual_analysis": "NORMAL"
  },
  {
    "sensor_id": 10293,
    "timestamp": 2051222793,
    "visual_analysis": "NORMAL"
  },
  {
    "sensor_id": 10294,
    "timestamp": 2051222794,
    "visual_analysis": "NORMAL"
  },
  {
    "sensor_id": 10295,
    "timestamp": 2051222795,
    "visual_analysis": "NORMAL"
  },
  {
    "sensor_id": 10296,
    "timestamp": 2051222796,
    "visual_analysis": "NORMAL"
  },
  {
    "sensor_id": 10297,
    "timestamp": 2051222797,
    "visual_analysis": "NORMAL"
  },
  {
    "sensor_id": 10298,
    "timestamp": 2051222798,
    "visual_analysis": "NORMAL"
  },
  {
    "sensor_id": 10299,
    "timestamp": 2051222799,
    "visual_analysis": "NORMAL"
  },
  {
    "sensor_id": 10300,
    "timestamp": 2051222800,
    "visual_analysis": "NORMAL"
  },
  {
    "sensor_id": 10301,
    "timestamp": 2051222801,
    "visual_analysis": "NORMAL"
  },
  {
    "sensor_id": 10302,
    "timestamp": 2051222802,
    "visual_analysis": "NORMAL"
  },
  {
    "sensor_id": 10303,
    "timestamp": 2051222803,
    "visual_analysis": "NORMAL"
  },
  {
    "sensor_id": 10304,
    "timestamp": 2051222804,
    "visual_analysis": "NORMAL"
  },
  {
    "sensor_id": 10305,
    "timestamp": 2051222805,
    "visual_analysis": "NORMAL"
  },
  {
    "sensor_id": 10306,
    "timestamp": 2051222806,
    "visual_analysis": "NORMAL"
  },
  {
    "sensor_id": 10307,
    "timestamp": 2051222807,
    "visual_analysis": "NORMAL"
  },
  {
    "sensor_id": 10308,
    "timestamp": 2051222808,
    "visual_analysis": "NORMAL"
  },
  {
    "sensor_id": 10309,
    "timestamp": 2051222809,
    "visual_analysis": "NORMAL"
  },
  {
    "sensor_id": 10310,
    "timestamp": 2051222810,
    "visual_analysis": "NORMAL"
  },
  {
    "sensor_id": 10311,
    "timestamp": 2051222811,
    "visual_analysis": "NORMAL"
  },
  {
    "sensor_id": 10312,
    "timestamp": 2051222812,
    "visual_analysis": "NORMAL"
  },
  {
    "sensor_id": 10313,
    "timestamp": 2051222813,
    "visual_analysis": "NORMAL"
  },
  {
    "sensor_id": 10314,
    "timestamp": 2051222814,
    "visual_analysis": "NORMAL"
  },
  {
    "sensor_id": 10315,
    "timestamp": 2051222815,
    "visual_analysis": "NORMAL"
  },
  {
    "sensor_id": 10316,
    "timestamp": 2051222816,
    "visual_analysis": "NORMAL"
  },
  {
    "sensor_id": 10317,
    "timestamp": 2051222817,
    "visual_analysis": "NORMAL"
  },
  {
    "sensor_id": 10318,
    "timestamp": 2051222818,
    "visual_analysis": "NORMAL"
  },
  {
    "sensor_id": 10319,
    "timestamp": 2051222819,
    "visual_analysis": "NORMAL"
  },
  {
    "sensor_id": 10320,
    "timestamp": 2051222820,
    "visual_analysis": "WARNING"
  },
  {
    "sensor_id": 10321,
    "timestamp": 2051222821,
    "visual_analysis": "NORMAL"
  },
  {
    "sensor_id": 10322,
    "timestamp": 2051222822,
    "visual_analysis": "NORMAL"
  },
  {
    "sensor_id": 10323,
    "timestamp": 2051222823,
    "visual_analysis": "NORMAL"
  },
  {
    "sensor_id": 10324,
    "timestamp": 2051222824,
    "visual_analysis": "NORMAL"
  },
  {
    "sensor_id": 10325,
    "timestamp": 2051222825,
    "visual_analysis": "NORMAL"
  },
  {
    "sensor_id": 10326,
    "timestamp": 2051222826,
    "visual_analysis": "NORMAL"
  },
  {
    "sensor_id": 10327,
    "timestamp": 2051222827,
    "visual_analysis": "NORMAL"
  },
  {
    "sensor_id": 10328,
    "timestamp": 2051222828,
    "visual_analysis": "WARNING"
  },
  {
    "sensor_id": 10329,
    "timestamp": 2051222829,
    "visual_analysis": "NORMAL"
  },
  {
    "sensor_id": 10330,
    "timestamp": 2051222830,
    "visual_analysis": "NORMAL"
  },
  {
    "sensor_id": 10331,
    "timestamp": 2051222831,
    "visual_analysis": "NORMAL"
  },
  {
    "sensor_id": 10332,
    "timestamp": 2051222832,
    "visual_analysis": "NORMAL"
  },
  {
    "sensor_id": 10333,
    "timestamp": 2051222833,
    "visual_analysis": "NORMAL"
  },
  {
    "sensor_id": 10334,
    "timestamp": 2051222834,
    "visual_analysis": "NORMAL"
  },
  {
    "sensor_id": 10335,
    "timestamp": 2051222835,
    "visual_analysis": "NORMAL"
  },
  {
    "sensor_id": 10336,
    "timestamp": 2051222836,
    "visual_analysis": "WARNING"
  },
  {
    "sensor_id": 10337,
    "timestamp": 2051222837,
    "visual_analysis": "NORMAL"
  },
  {
    "sensor_id": 10338,
    "timestamp": 2051222838,
    "visual_analysis": "NORMAL"
  },
  {
    "sensor_id": 10339,
    "timestamp": 2051222839,
    "visual_analysis": "NORMAL"
  },
  {
    "sensor_id": 10340,
    "timestamp": 2051222840,
    "visual_analysis": "NORMAL"
  },
  {
    "sensor_id": 10341,
    "timestamp": 2051222841,
    "visual_analysis": "NORMAL"
  },
  {
    "sensor_id": 10342,
    "timestamp": 2051222842,
    "visual_analysis": "NORMAL"
  },
  {
    "sensor_id": 10343,
    "timestamp": 2051222843,
    "visual_analysis": "NORMAL"
  },
  {
    "sensor_id": 10344,
    "timestamp": 2051222844,
    "visual_analysis": "NORMAL"
  },
  {
    "sensor_id": 10345,
    "timestamp": 2051222845,
    "visual_analysis": "NORMAL"
  },
  {
    "sensor_id": 10346,
    "timestamp": 2051222846,
    "visual_analysis": "WARNING"
  },
  {
    "sensor_id": 10347,
    "timestamp": 2051222847,
    "visual_analysis": "NORMAL"
  },
  {
    "sensor_id": 10348,
    "timestamp": 2051222848,
    "visual_analysis": "NORMAL"
  },
  {
    "sensor_id": 10349,
    "timestamp": 2051222849,
    "visual_analysis": "NORMAL"
  },
  {
    "sensor_id": 10350,
    "timestamp": 2051222850,
    "visual_analysis": "NORMAL"
  },
  {
    "sensor_id": 10351,
    "timestamp": 2051222851,
    "visual_analysis": "NORMAL"
  },
  {
    "sensor_id": 10352,
    "timestamp": 2051222852,
    "visual_analysis": "WARNING"
  },
  {
    "sensor_id": 10353,
    "timestamp": 2051222853,
    "visual_analysis": "NORMAL"
  },
  {
    "sensor_id": 10354,
    "timestamp": 2051222854,
    "visual_analysis": "NORMAL"
  },
  {
    "sensor_id": 10355,
    "timestamp": 2051222855,
    "visual_analysis": "NORMAL"
  },
  {
    "sensor_id": 10356,
    "timestamp": 2051222856,
    "visual_analysis": "NORMAL"
  },
  {
    "sensor_id": 10357,
    "timestamp": 2051222857,
    "visual_analysis": "NORMAL"
  },
  {
    "sensor_id": 10358,
    "timestamp": 2051222858,
    "visual_analysis": "NORMAL"
  },
  {
    "sensor_id": 10359,
    "timestamp": 2051222859,
    "visual_analysis": "NORMAL"
  },
  {
    "sensor_id": 10360,
    "timestamp": 2051222860,
    "visual_analysis": "NORMAL"
  },
  {
    "sensor_id": 10361,
    "timestamp": 2051222861,
    "visual_analysis": "NORMAL"
  },
  {
    "sensor_id": 10362,
    "timestamp": 2051222862,
    "visual_analysis": "NORMAL"
  },
  {
    "sensor_id": 10363,
    "timestamp": 2051222863,
    "visual_analysis": "NORMAL"
  },
  {
    "sensor_id": 10364,
    "timestamp": 2051222864,
    "visual_analysis": "NORMAL"
  },
  {
    "sensor_id": 10365,
    "timestamp": 2051222865,
    "visual_analysis": "NORMAL"
  },
  {
    "sensor_id": 10366,
    "timestamp": 2051222866,
    "visual_analysis": "NORMAL"
  },
  {
    "sensor_id": 10367,
    "timestamp": 2051222867,
    "visual_analysis": "NORMAL"
  },
  {
    "sensor_id": 10368,
    "timestamp": 2051222868,
    "visual_analysis": "NORMAL"
  },
  {
    "sensor_id": 10369,
    "timestamp": 2051222869,
    "visual_analysis": "WARNING"
  },
  {
    "sensor_id": 10370,
    "timestamp": 2051222870,
    "visual_analysis": "NORMAL"
  },
  {
    "sensor_id": 10371,
    "timestamp": 2051222871,
    "visual_analysis": "NORMAL"
  },
  {
    "sensor_id": 10372,
    "timestamp": 2051222872,
    "visual_analysis": "NORMAL"
  },
  {
    "sensor_id": 10373,
    "timestamp": 2051222873,
    "visual_analysis": "NORMAL"
  },
  {
    "sensor_id": 10374,
    "timestamp": 2051222874,
    "visual_analysis": "WARNING"
  },
  {
    "sensor_id": 10375,
    "timestamp": 2051222875,
    "visual_analysis": "NORMAL"
  },
  {
    "sensor_id": 10376,
    "timestamp": 2051222876,
    "visual_analysis": "NORMAL"
  },
  {
    "sensor_id": 10377,
    "timestamp": 2051222877,
    "visual_analysis": "NORMAL"
  },
  {
    "sensor_id": 10378,
    "timestamp": 2051222878,
    "visual_analysis": "NORMAL"
  },
  {
    "sensor_id": 10379,
    "timestamp": 2051222879,
    "visual_analysis": "FLOOD"
  },
  {
    "sensor_id": 10380,
    "timestamp": 2051222880,
    "visual_analysis": "NORMAL"
  },
  {
    "sensor_id": 10381,
    "timestamp": 2051222881,
    "visual_analysis": "WARNING"
  },
  {
    "sensor_id": 10382,
    "timestamp": 2051222882,
    "visual_analysis": "NORMAL"
  },
  {
    "sensor_id": 10383,
    "timestamp": 2051222883,
    "visual_analysis": "NORMAL"
  },
  {
    "sensor_id": 10384,
    "timestamp": 2051222884,
    "visual_analysis": "NORMAL"
  },
  {
    "sensor_id": 10385,
    "timestamp": 2051222885,
    "visual_analysis": "NORMAL"
  },
  {
    "sensor_id": 10386,
    "timestamp": 2051222886,
    "visual_analysis": "NORMAL"
  },
  {
    "sensor_id": 10387,
    "timestamp": 2051222887,
    "visual_analysis": "NORMAL"
  },
  {
    "sensor_id": 10388,
    "timestamp": 2051222888,
    "visual_analysis": "NORMAL"
  },
  {
    "sensor_id": 10389,
    "timestamp": 2051222889,
    "visual_analysis": "NORMAL"
  },
  {
    "sensor_id": 10390,
    "timestamp": 2051222890,
    "visual_analysis": "NORMAL"
  },
  {
    "sensor_id": 10391,
    "timestamp": 2051222891,
    "visual_analysis": "NORMAL"
  },
  {
    "sensor_id": 10392,
    "timestamp": 2051222892,
    "visual_analysis": "WARNING"
  },
  {
    "sensor_id": 10393,
    "timestamp": 2051222893,
    "visual_analysis": "NORMAL"
  },
  {
    "sensor_id": 10394,
    "timestamp": 2051222894,
    "visual_analysis": "NORMAL"
  },
  {
    "sensor_id": 10395,
    "timestamp": 2051222895,
    "visual_analysis": "NORMAL"
  },
  {
    "sensor_id": 10396,
    "timestamp": 2051222896,
    "visual_analysis": "NORMAL"
  },
  {
    "sensor_id": 10397,
    "timestamp": 2051222897,
    "visual_analysis": "NORMAL"
  },
  {
    "sensor_id": 10398,
    "timestamp": 2051222898,
    "visual_analysis": "NORMAL"
  },
  {
    "sensor_id": 10399,
    "timestamp": 2051222899,
    "visual_analysis": "NORMAL"
  },
  {
    "sensor_id": 10400,
    "timestamp": 2051222900,
    "visual_analysis": "NORMAL"
  },
  {
    "sensor_id": 10401,
    "timestamp": 2051222901,
    "visual_analysis": "NORMAL"
  },
  {
    "sensor_id": 10402,
    "timestamp": 2051222902,
    "visual_analysis": "NORMAL"
  },
  {
    "sensor_id": 10403,
    "timestamp": 2051222903,
    "visual_analysis": "NORMAL"
  },
  {
    "sensor_id": 10404,
    "timestamp": 2051222904,
    "visual_analysis": "NORMAL"
  },
  {
    "sensor_id": 10405,
    "timestamp": 2051222905,
    "visual_analysis": "NORMAL"
  },
  {
    "sensor_id": 10406,
    "timestamp": 2051222906,
    "visual_analysis": "WARNING"
  },
  {
    "sensor_id": 10407,
    "timestamp": 2051222907,
    "visual_analysis": "NORMAL"
  },
  {
    "sensor_id": 10408,
    "timestamp": 2051222908,
    "visual_analysis": "NORMAL"
  },
  {
    "sensor_id": 10409,
    "timestamp": 2051222909,
    "visual_analysis": "NORMAL"
  },
  {
    "sensor_id": 10410,
    "timestamp": 2051222910,
    "visual_analysis": "NORMAL"
  },
  {
    "sensor_id": 10411,
    "timestamp": 2051222911,
    "visual_analysis": "NORMAL"
  },
  {
    "sensor_id": 10412,
    "timestamp": 2051222912,
    "visual_analysis": "NORMAL"
  },
  {
    "sensor_id": 10413,
    "timestamp": 2051222913,
    "visual_analysis": "NORMAL"
  },
  {
    "sensor_id": 10414,
    "timestamp": 2051222914,
    "visual_analysis": "NORMAL"
  },
  {
    "sensor_id": 10415,
    "timestamp": 2051222915,
    "visual_analysis": "NORMAL"
  },
  {
    "sensor_id": 10416,
    "timestamp": 2051222916,
    "visual_analysis": "NORMAL"
  },
  {
    "sensor_id": 10417,
    "timestamp": 2051222917,
    "visual_analysis": "NORMAL"
  },
  {
    "sensor_id": 10418,
    "timestamp": 2051222918,
    "visual_analysis": "NORMAL"
  },
  {
    "sensor_id": 10419,
    "timestamp": 2051222919,
    "visual_analysis": "NORMAL"
  },
  {
    "sensor_id": 10420,
    "timestamp": 2051222920,
    "visual_analysis": "NORMAL"
  },
  {
    "sensor_id": 10421,
    "timestamp": 2051222921,
    "visual_analysis": "NORMAL"
  },
  {
    "sensor_id": 10422,
    "timestamp": 2051222922,
    "visual_analysis": "NORMAL"
  },
  {
    "sensor_id": 10423,
    "timestamp": 2051222923,
    "visual_analysis": "NORMAL"
  },
  {
    "sensor_id": 10424,
    "timestamp": 2051222924,
    "visual_analysis": "WARNING"
  },
  {
    "sensor_id": 10425,
    "timestamp": 2051222925,
    "visual_analysis": "WARNING"
  },
  {
    "sensor_id": 10426,
    "timestamp": 2051222926,
    "visual_analysis": "NORMAL"
  },
  {
    "sensor_id": 10427,
    "timestamp": 2051222927,
    "visual_analysis": "NORMAL"
  },
  {
    "sensor_id": 10428,
    "timestamp": 2051222928,
    "visual_analysis": "NORMAL"
  },
  {
    "sensor_id": 10429,
    "timestamp": 2051222929,
    "visual_analysis": "NORMAL"
  },
  {
    "sensor_id": 10430,
    "timestamp": 2051222930,
    "visual_analysis": "WARNING"
  },
  {
    "sensor_id": 10431,
    "timestamp": 2051222931,
    "visual_analysis": "NORMAL"
  },
  {
    "sensor_id": 10432,
    "timestamp": 2051222932,
    "visual_analysis": "NORMAL"
  },
  {
    "sensor_id": 10433,
    "timestamp": 2051222933,
    "visual_analysis": "NORMAL"
  },
  {
    "sensor_id": 10434,
    "timestamp": 2051222934,
    "visual_analysis": "NORMAL"
  },
  {
    "sensor_id": 10435,
    "timestamp": 2051222935,
    "visual_analysis": "NORMAL"
  },
  {
    "sensor_id": 10436,
    "timestamp": 2051222936,
    "visual_analysis": "NORMAL"
  },
  {
    "sensor_id": 10437,
    "timestamp": 2051222937,
    "visual_analysis": "NORMAL"
  },
  {
    "sensor_id": 10438,
    "timestamp": 2051222938,
    "visual_analysis": "NORMAL"
  },
  {
    "sensor_id": 10439,
    "timestamp": 2051222939,
    "visual_analysis": "NORMAL"
  },
  {
    "sensor_id": 10440,
    "timestamp": 2051222940,
    "visual_analysis": "WARNING"
  },
  {
    "sensor_id": 10441,
    "timestamp": 2051222941,
    "visual_analysis": "NORMAL"
  },
  {
    "sensor_id": 10442,
    "timestamp": 2051222942,
    "visual_analysis": "NORMAL"
  },
  {
    "sensor_id": 10443,
    "timestamp": 2051222943,
    "visual_analysis": "NORMAL"
  },
  {
    "sensor_id": 10444,
    "timestamp": 2051222944,
    "visual_analysis": "NORMAL"
  },
  {
    "sensor_id": 10445,
    "timestamp": 2051222945,
    "visual_analysis": "NORMAL"
  },
  {
    "sensor_id": 10446,
    "timestamp": 2051222946,
    "visual_analysis": "NORMAL"
  },
  {
    "sensor_id": 10447,
    "timestamp": 2051222947,
    "visual_analysis": "NORMAL"
  },
  {
    "sensor_id": 10448,
    "timestamp": 2051222948,
    "visual_analysis": "NORMAL"
  },
  {
    "sensor_id": 10449,
    "timestamp": 2051222949,
    "visual_analysis": "NORMAL"
  },
  {
    "sensor_id": 10450,
    "timestamp": 2051222950,
    "visual_analysis": "NORMAL"
  },
  {
    "sensor_id": 10451,
    "timestamp": 2051222951,
    "visual_analysis": "WARNING"
  },
  {
    "sensor_id": 10452,
    "timestamp": 2051222952,
    "visual_analysis": "NORMAL"
  },
  {
    "sensor_id": 10453,
    "timestamp": 2051222953,
    "visual_analysis": "NORMAL"
  },
  {
    "sensor_id": 10454,
    "timestamp": 2051222954,
    "visual_analysis": "NORMAL"
  },
  {
    "sensor_id": 10455,
    "timestamp": 2051222955,
    "visual_analysis": "NORMAL"
  },
  {
    "sensor_id": 10456,
    "timestamp": 2051222956,
    "visual_analysis": "NORMAL"
  },
  {
    "sensor_id": 10457,
    "timestamp": 2051222957,
    "visual_analysis": "NORMAL"
  },
  {
    "sensor_id": 10458,
    "timestamp": 2051222958,
    "visual_analysis": "NORMAL"
  },
  {
    "sensor_id": 10459,
    "timestamp": 2051222959,
    "visual_analysis": "NORMAL"
  },
  {
    "sensor_id": 10460,
    "timestamp": 2051222960,
    "visual_analysis": "NORMAL"
  },
  {
    "sensor_id": 10461,
    "timestamp": 2051222961,
    "visual_analysis": "NORMAL"
  },
  {
    "sensor_id": 10462,
    "timestamp": 2051222962,
    "visual_analysis": "NORMAL"
  },
  {
    "sensor_id": 10463,
    "timestamp": 2051222963,
    "visual_analysis": "NORMAL"
  },
  {
    "sensor_id": 10464,
    "timestamp": 2051222964,
    "visual_analysis": "NORMAL"
  },
  {
    "sensor_id": 10465,
    "timestamp": 2051222965,
    "visual_analysis": "NORMAL"
  },
  {
    "sensor_id": 10466,
    "timestamp": 2051222966,
    "visual_analysis": "NORMAL"
  },
  {
    "sensor_id": 10467,
    "timestamp": 2051222967,
    "visual_analysis": "NORMAL"
  },
  {
    "sensor_id": 10468,
    "timestamp": 2051222968,
    "visual_analysis": "NORMAL"
  },
  {
    "sensor_id": 10469,
    "timestamp": 2051222969,
    "visual_analysis": "NORMAL"
  },
  {
    "sensor_id": 10470,
    "timestamp": 2051222970,
    "visual_analysis": "NORMAL"
  },
  {
    "sensor_id": 10471,
    "timestamp": 2051222971,
    "visual_analysis": "NORMAL"
  },
  {
    "sensor_id": 10472,
    "timestamp": 2051222972,
    "visual_analysis": "NORMAL"
  },
  {
    "sensor_id": 10473,
    "timestamp": 2051222973,
    "visual_analysis": "NORMAL"
  },
  {
    "sensor_id": 10474,
    "timestamp": 2051222974,
    "visual_analysis": "NORMAL"
  },
  {
    "sensor_id": 10475,
    "timestamp": 2051222975,
    "visual_analysis": "NORMAL"
  },
  {
    "sensor_id": 10476,
    "timestamp": 2051222976,
    "visual_analysis": "FIRE"
  },
  {
    "sensor_id": 10477,
    "timestamp": 2051222977,
    "visual_analysis": "NORMAL"
  },
  {
    "sensor_id": 10478,
    "timestamp": 2051222978,
    "visual_analysis": "NORMAL"
  },
  {
    "sensor_id": 10479,
    "timestamp": 2051222979,
    "visual_analysis": "NORMAL"
  },
  {
    "sensor_id": 10480,
    "timestamp": 2051222980,
    "visual_analysis": "NORMAL"
  },
  {
    "sensor_id": 10481,
    "timestamp": 2051222981,
    "visual_analysis": "NORMAL"
  },
  {
    "sensor_id": 10482,
    "timestamp": 2051222982,
    "visual_analysis": "NORMAL"
  },
  {
    "sensor_id": 10483,
    "timestamp": 2051222983,
    "visual_analysis": "NORMAL"
  },
  {
    "sensor_id": 10484,
    "timestamp": 2051222984,
    "visual_analysis": "NORMAL"
  },
  {
    "sensor_id": 10485,
    "timestamp": 2051222985,
    "visual_analysis": "NORMAL"
  },
  {
    "sensor_id": 10486,
    "timestamp": 2051222986,
    "visual_analysis": "NORMAL"
  },
  {
    "sensor_id": 10487,
    "timestamp": 2051222987,
    "visual_analysis": "NORMAL"
  },
  {
    "sensor_id": 10488,
    "timestamp": 2051222988,
    "visual_analysis": "NORMAL"
  },
  {
    "sensor_id": 10489,
    "timestamp": 2051222989,
    "visual_analysis": "NORMAL"
  },
  {
    "sensor_id": 10490,
    "timestamp": 2051222990,
    "visual_analysis": "NORMAL"
  },
  {
    "sensor_id": 10491,
    "timestamp": 2051222991,
    "visual_analysis": "NORMAL"
  },
  {
    "sensor_id": 10492,
    "timestamp": 2051222992,
    "visual_analysis": "NORMAL"
  },
  {
    "sensor_id": 10493,
    "timestamp": 2051222993,
    "visual_analysis": "NORMAL"
  },
  {
    "sensor_id": 10494,
    "timestamp": 2051222994,
    "visual_analysis": "NORMAL"
  },
  {
    "sensor_id": 10495,
    "timestamp": 2051222995,
    "visual_analysis": "NORMAL"
  },
  {
    "sensor_id": 10496,
    "timestamp": 2051222996,
    "visual_analysis": "NORMAL"
  },
  {
    "sensor_id": 10497,
    "timestamp": 2051222997,
    "visual_analysis": "NORMAL"
  },
  {
    "sensor_id": 10498,
    "timestamp": 2051222998,
    "visual_analysis": "NORMAL"
  },
  {
    "sensor_id": 10499,
    "timestamp": 2051222999,
    "visual_analysis": "NORMAL"
  },
  {
    "sensor_id": 10500,
    "timestamp": 2051223000,
    "visual_analysis": "NORMAL"
  },
  {
    "sensor_id": 10501,
    "timestamp": 2051223001,
    "visual_analysis": "NORMAL"
  },
  {
    "sensor_id": 10502,
    "timestamp": 2051223002,
    "visual_analysis": "NORMAL"
  },
  {
    "sensor_id": 10503,
    "timestamp": 2051223003,
    "visual_analysis": "NORMAL"
  },
  {
    "sensor_id": 10504,
    "timestamp": 2051223004,
    "visual_analysis": "NORMAL"
  },
  {
    "sensor_id": 10505,
    "timestamp": 2051223005,
    "visual_analysis": "NORMAL"
  },
  {
    "sensor_id": 10506,
    "timestamp": 2051223006,
    "visual_analysis": "NORMAL"
  },
  {
    "sensor_id": 10507,
    "timestamp": 2051223007,
    "visual_analysis": "NORMAL"
  },
  {
    "sensor_id": 10508,
    "timestamp": 2051223008,
    "visual_analysis": "NORMAL"
  },
  {
    "sensor_id": 10509,
    "timestamp": 2051223009,
    "visual_analysis": "NORMAL"
  },
  {
    "sensor_id": 10510,
    "timestamp": 2051223010,
    "visual_analysis": "NORMAL"
  },
  {
    "sensor_id": 10511,
    "timestamp": 2051223011,
    "visual_analysis": "NORMAL"
  },
  {
    "sensor_id": 10512,
    "timestamp": 2051223012,
    "visual_analysis": "NORMAL"
  },
  {
    "sensor_id": 10513,
    "timestamp": 2051223013,
    "visual_analysis": "NORMAL"
  },
  {
    "sensor_id": 10514,
    "timestamp": 2051223014,
    "visual_analysis": "NORMAL"
  },
  {
    "sensor_id": 10515,
    "timestamp": 2051223015,
    "visual_analysis": "NORMAL"
  },
  {
    "sensor_id": 10516,
    "timestamp": 2051223016,
    "visual_analysis": "NORMAL"
  },
  {
    "sensor_id": 10517,
    "timestamp": 2051223017,
    "visual_analysis": "WARNING"
  },
  {
    "sensor_id": 10518,
    "timestamp": 2051223018,
    "visual_analysis": "NORMAL"
  },
  {
    "sensor_id": 10519,
    "timestamp": 2051223019,
    "visual_analysis": "NORMAL"
  },
  {
    "sensor_id": 10520,
    "timestamp": 2051223020,
    "visual_analysis": "NORMAL"
  },
  {
    "sensor_id": 10521,
    "timestamp": 2051223021,
    "visual_analysis": "NORMAL"
  },
  {
    "sensor_id": 10522,
    "timestamp": 2051223022,
    "visual_analysis": "NORMAL"
  },
  {
    "sensor_id": 10523,
    "timestamp": 2051223023,
    "visual_analysis": "NORMAL"
  },
  {
    "sensor_id": 10524,
    "timestamp": 2051223024,
    "visual_analysis": "NORMAL"
  },
  {
    "sensor_id": 10525,
    "timestamp": 2051223025,
    "visual_analysis": "NORMAL"
  },
  {
    "sensor_id": 10526,
    "timestamp": 2051223026,
    "visual_analysis": "WARNING"
  },
  {
    "sensor_id": 10527,
    "timestamp": 2051223027,
    "visual_analysis": "NORMAL"
  },
  {
    "sensor_id": 10528,
    "timestamp": 2051223028,
    "visual_analysis": "NORMAL"
  },
  {
    "sensor_id": 10529,
    "timestamp": 2051223029,
    "visual_analysis": "NORMAL"
  },
  {
    "sensor_id": 10530,
    "timestamp": 2051223030,
    "visual_analysis": "NORMAL"
  },
  {
    "sensor_id": 10531,
    "timestamp": 2051223031,
    "visual_analysis": "NORMAL"
  },
  {
    "sensor_id": 10532,
    "timestamp": 2051223032,
    "visual_analysis": "NORMAL"
  },
  {
    "sensor_id": 10533,
    "timestamp": 2051223033,
    "visual_analysis": "NORMAL"
  },
  {
    "sensor_id": 10534,
    "timestamp": 2051223034,
    "visual_analysis": "NORMAL"
  },
  {
    "sensor_id": 10535,
    "timestamp": 2051223035,
    "visual_analysis": "NORMAL"
  },
  {
    "sensor_id": 10536,
    "timestamp": 2051223036,
    "visual_analysis": "NORMAL"
  },
  {
    "sensor_id": 10537,
    "timestamp": 2051223037,
    "visual_analysis": "NORMAL"
  },
  {
    "sensor_id": 10538,
    "timestamp": 2051223038,
    "visual_analysis": "NORMAL"
  },
  {
    "sensor_id": 10539,
    "timestamp": 2051223039,
    "visual_analysis": "NORMAL"
  },
  {
    "sensor_id": 10540,
    "timestamp": 2051223040,
    "visual_analysis": "NORMAL"
  },
  {
    "sensor_id": 10541,
    "timestamp": 2051223041,
    "visual_analysis": "NORMAL"
  },
  {
    "sensor_id": 10542,
    "timestamp": 2051223042,
    "visual_analysis": "NORMAL"
  },
  {
    "sensor_id": 10543,
    "timestamp": 2051223043,
    "visual_analysis": "NORMAL"
  },
  {
    "sensor_id": 10544,
    "timestamp": 2051223044,
    "visual_analysis": "NORMAL"
  },
  {
    "sensor_id": 10545,
    "timestamp": 2051223045,
    "visual_analysis": "NORMAL"
  },
  {
    "sensor_id": 10546,
    "timestamp": 2051223046,
    "visual_analysis": "NORMAL"
  },
  {
    "sensor_id": 10547,
    "timestamp": 2051223047,
    "visual_analysis": "NORMAL"
  },
  {
    "sensor_id": 10548,
    "timestamp": 2051223048,
    "visual_analysis": "NORMAL"
  },
  {
    "sensor_id": 10549,
    "timestamp": 2051223049,
    "visual_analysis": "NORMAL"
  },
  {
    "sensor_id": 10550,
    "timestamp": 2051223050,
    "visual_analysis": "NORMAL"
  },
  {
    "sensor_id": 10551,
    "timestamp": 2051223051,
    "visual_analysis": "NORMAL"
  },
  {
    "sensor_id": 10552,
    "timestamp": 2051223052,
    "visual_analysis": "NORMAL"
  },
  {
    "sensor_id": 10553,
    "timestamp": 2051223053,
    "visual_analysis": "NORMAL"
  },
  {
    "sensor_id": 10554,
    "timestamp": 2051223054,
    "visual_analysis": "NORMAL"
  },
  {
    "sensor_id": 10555,
    "timestamp": 2051223055,
    "visual_analysis": "NORMAL"
  },
  {
    "sensor_id": 10556,
    "timestamp": 2051223056,
    "visual_analysis": "NORMAL"
  },
  {
    "sensor_id": 10557,
    "timestamp": 2051223057,
    "visual_analysis": "NORMAL"
  },
  {
    "sensor_id": 10558,
    "timestamp": 2051223058,
    "visual_analysis": "NORMAL"
  },
  {
    "sensor_id": 10559,
    "timestamp": 2051223059,
    "visual_analysis": "NORMAL"
  },
  {
    "sensor_id": 10560,
    "timestamp": 2051223060,
    "visual_analysis": "NORMAL"
  },
  {
    "sensor_id": 10561,
    "timestamp": 2051223061,
    "visual_analysis": "NORMAL"
  },
  {
    "sensor_id": 10562,
    "timestamp": 2051223062,
    "visual_analysis": "NORMAL"
  },
  {
    "sensor_id": 10563,
    "timestamp": 2051223063,
    "visual_analysis": "NORMAL"
  },
  {
    "sensor_id": 10564,
    "timestamp": 2051223064,
    "visual_analysis": "NORMAL"
  },
  {
    "sensor_id": 10565,
    "timestamp": 2051223065,
    "visual_analysis": "NORMAL"
  },
  {
    "sensor_id": 10566,
    "timestamp": 2051223066,
    "visual_analysis": "NORMAL"
  },
  {
    "sensor_id": 10567,
    "timestamp": 2051223067,
    "visual_analysis": "NORMAL"
  },
  {
    "sensor_id": 10568,
    "timestamp": 2051223068,
    "visual_analysis": "NORMAL"
  },
  {
    "sensor_id": 10569,
    "timestamp": 2051223069,
    "visual_analysis": "NORMAL"
  },
  {
    "sensor_id": 10570,
    "timestamp": 2051223070,
    "visual_analysis": "NORMAL"
  },
  {
    "sensor_id": 10571,
    "timestamp": 2051223071,
    "visual_analysis": "NORMAL"
  },
  {
    "sensor_id": 10572,
    "timestamp": 2051223072,
    "visual_analysis": "NORMAL"
  },
  {
    "sensor_id": 10573,
    "timestamp": 2051223073,
    "visual_analysis": "FLOOD"
  },
  {
    "sensor_id": 10574,
    "timestamp": 2051223074,
    "visual_analysis": "NORMAL"
  },
  {
    "sensor_id": 10575,
    "timestamp": 2051223075,
    "visual_analysis": "NORMAL"
  },
  {
    "sensor_id": 10576,
    "timestamp": 2051223076,
    "visual_analysis": "NORMAL"
  },
  {
    "sensor_id": 10577,
    "timestamp": 2051223077,
    "visual_analysis": "NORMAL"
  },
  {
    "sensor_id": 10578,
    "timestamp": 2051223078,
    "visual_analysis": "NORMAL"
  },
  {
    "sensor_id": 10579,
    "timestamp": 2051223079,
    "visual_analysis": "NORMAL"
  },
  {
    "sensor_id": 10580,
    "timestamp": 2051223080,
    "visual_analysis": "NORMAL"
  },
  {
    "sensor_id": 10581,
    "timestamp": 2051223081,
    "visual_analysis": "NORMAL"
  },
  {
    "sensor_id": 10582,
    "timestamp": 2051223082,
    "visual_analysis": "NORMAL"
  },
  {
    "sensor_id": 10583,
    "timestamp": 2051223083,
    "visual_analysis": "NORMAL"
  },
  {
    "sensor_id": 10584,
    "timestamp": 2051223084,
    "visual_analysis": "NORMAL"
  },
  {
    "sensor_id": 10585,
    "timestamp": 2051223085,
    "visual_analysis": "NORMAL"
  },
  {
    "sensor_id": 10586,
    "timestamp": 2051223086,
    "visual_analysis": "NORMAL"
  },
  {
    "sensor_id": 10587,
    "timestamp": 2051223087,
    "visual_analysis": "NORMAL"
  },
  {
    "sensor_id": 10588,
    "timestamp": 2051223088,
    "visual_analysis": "NORMAL"
  },
  {
    "sensor_id": 10589,
    "timestamp": 2051223089,
    "visual_analysis": "NORMAL"
  },
  {
    "sensor_id": 10590,
    "timestamp": 2051223090,
    "visual_analysis": "NORMAL"
  },
  {
    "sensor_id": 10591,
    "timestamp": 2051223091,
    "visual_analysis": "NORMAL"
  },
  {
    "sensor_id": 10592,
    "timestamp": 2051223092,
    "visual_analysis": "NORMAL"
  },
  {
    "sensor_id": 10593,
    "timestamp": 2051223093,
    "visual_analysis": "NORMAL"
  },
  {
    "sensor_id": 10594,
    "timestamp": 2051223094,
    "visual_analysis": "NORMAL"
  },
  {
    "sensor_id": 10595,
    "timestamp": 2051223095,
    "visual_analysis": "NORMAL"
  },
  {
    "sensor_id": 10596,
    "timestamp": 2051223096,
    "visual_analysis": "NORMAL"
  },
  {
    "sensor_id": 10597,
    "timestamp": 2051223097,
    "visual_analysis": "NORMAL"
  },
  {
    "sensor_id": 10598,
    "timestamp": 2051223098,
    "visual_analysis": "NORMAL"
  },
  {
    "sensor_id": 10599,
    "timestamp": 2051223099,
    "visual_analysis": "NORMAL"
  },
  {
    "sensor_id": 10600,
    "timestamp": 2051223100,
    "visual_analysis": "NORMAL"
  },
  {
    "sensor_id": 10601,
    "timestamp": 2051223101,
    "visual_analysis": "NORMAL"
  },
  {
    "sensor_id": 10602,
    "timestamp": 2051223102,
    "visual_analysis": "NORMAL"
  },
  {
    "sensor_id": 10603,
    "timestamp": 2051223103,
    "visual_analysis": "NORMAL"
  },
  {
    "sensor_id": 10604,
    "timestamp": 2051223104,
    "visual_analysis": "NORMAL"
  },
  {
    "sensor_id": 10605,
    "timestamp": 2051223105,
    "visual_analysis": "NORMAL"
  },
  {
    "sensor_id": 10606,
    "timestamp": 2051223106,
    "visual_analysis": "NORMAL"
  },
  {
    "sensor_id": 10607,
    "timestamp": 2051223107,
    "visual_analysis": "NORMAL"
  },
  {
    "sensor_id": 10608,
    "timestamp": 2051223108,
    "visual_analysis": "NORMAL"
  },
  {
    "sensor_id": 10609,
    "timestamp": 2051223109,
    "visual_analysis": "NORMAL"
  },
  {
    "sensor_id": 10610,
    "timestamp": 2051223110,
    "visual_analysis": "NORMAL"
  },
  {
    "sensor_id": 10611,
    "timestamp": 2051223111,
    "visual_analysis": "NORMAL"
  },
  {
    "sensor_id": 10612,
    "timestamp": 2051223112,
    "visual_analysis": "NORMAL"
  },
  {
    "sensor_id": 10613,
    "timestamp": 2051223113,
    "visual_analysis": "NORMAL"
  },
  {
    "sensor_id": 10614,
    "timestamp": 2051223114,
    "visual_analysis": "NORMAL"
  },
  {
    "sensor_id": 10615,
    "timestamp": 2051223115,
    "visual_analysis": "NORMAL"
  },
  {
    "sensor_id": 10616,
    "timestamp": 2051223116,
    "visual_analysis": "NORMAL"
  },
  {
    "sensor_id": 10617,
    "timestamp": 2051223117,
    "visual_analysis": "NORMAL"
  },
  {
    "sensor_id": 10618,
    "timestamp": 2051223118,
    "visual_analysis": "WARNING"
  },
  {
    "sensor_id": 10619,
    "timestamp": 2051223119,
    "visual_analysis": "NORMAL"
  },
  {
    "sensor_id": 10620,
    "timestamp": 2051223120,
    "visual_analysis": "NORMAL"
  },
  {
    "sensor_id": 10621,
    "timestamp": 2051223121,
    "visual_analysis": "NORMAL"
  },
  {
    "sensor_id": 10622,
    "timestamp": 2051223122,
    "visual_analysis": "WARNING"
  },
  {
    "sensor_id": 10623,
    "timestamp": 2051223123,
    "visual_analysis": "WARNING"
  },
  {
    "sensor_id": 10624,
    "timestamp": 2051223124,
    "visual_analysis": "NORMAL"
  },
  {
    "sensor_id": 10625,
    "timestamp": 2051223125,
    "visual_analysis": "NORMAL"
  },
  {
    "sensor_id": 10626,
    "timestamp": 2051223126,
    "visual_analysis": "NORMAL"
  },
  {
    "sensor_id": 10627,
    "timestamp": 2051223127,
    "visual_analysis": "NORMAL"
  },
  {
    "sensor_id": 10628,
    "timestamp": 2051223128,
    "visual_analysis": "NORMAL"
  },
  {
    "sensor_id": 10629,
    "timestamp": 2051223129,
    "visual_analysis": "NORMAL"
  },
  {
    "sensor_id": 10630,
    "timestamp": 2051223130,
    "visual_analysis": "NORMAL"
  },
  {
    "sensor_id": 10631,
    "timestamp": 2051223131,
    "visual_analysis": "NORMAL"
  },
  {
    "sensor_id": 10632,
    "timestamp": 2051223132,
    "visual_analysis": "NORMAL"
  },
  {
    "sensor_id": 10633,
    "timestamp": 2051223133,
    "visual_analysis": "NORMAL"
  },
  {
    "sensor_id": 10634,
    "timestamp": 2051223134,
    "visual_analysis": "NORMAL"
  },
  {
    "sensor_id": 10635,
    "timestamp": 2051223135,
    "visual_analysis": "NORMAL"
  },
  {
    "sensor_id": 10636,
    "timestamp": 2051223136,
    "visual_analysis": "NORMAL"
  },
  {
    "sensor_id": 10637,
    "timestamp": 2051223137,
    "visual_analysis": "NORMAL"
  },
  {
    "sensor_id": 10638,
    "timestamp": 2051223138,
    "visual_analysis": "NORMAL"
  },
  {
    "sensor_id": 10639,
    "timestamp": 2051223139,
    "visual_analysis": "NORMAL"
  },
  {
    "sensor_id": 10640,
    "timestamp": 2051223140,
    "visual_analysis": "NORMAL"
  },
  {
    "sensor_id": 10641,
    "timestamp": 2051223141,
    "visual_analysis": "NORMAL"
  },
  {
    "sensor_id": 10642,
    "timestamp": 2051223142,
    "visual_analysis": "NORMAL"
  },
  {
    "sensor_id": 10643,
    "timestamp": 2051223143,
    "visual_analysis": "NORMAL"
  },
  {
    "sensor_id": 10644,
    "timestamp": 2051223144,
    "visual_analysis": "WARNING"
  },
  {
    "sensor_id": 10645,
    "timestamp": 2051223145,
    "visual_analysis": "NORMAL"
  },
  {
    "sensor_id": 10646,
    "timestamp": 2051223146,
    "visual_analysis": "NORMAL"
  },
  {
    "sensor_id": 10647,
    "timestamp": 2051223147,
    "visual_analysis": "NORMAL"
  },
  {
    "sensor_id": 10648,
    "timestamp": 2051223148,
    "visual_analysis": "NORMAL"
  },
  {
    "sensor_id": 10649,
    "timestamp": 2051223149,
    "visual_analysis": "NORMAL"
  },
  {
    "sensor_id": 10650,
    "timestamp": 2051223150,
    "visual_analysis": "NORMAL"
  },
  {
    "sensor_id": 10651,
    "timestamp": 2051223151,
    "visual_analysis": "NORMAL"
  },
  {
    "sensor_id": 10652,
    "timestamp": 2051223152,
    "visual_analysis": "NORMAL"
  },
  {
    "sensor_id": 10653,
    "timestamp": 2051223153,
    "visual_analysis": "NORMAL"
  },
  {
    "sensor_id": 10654,
    "timestamp": 2051223154,
    "visual_analysis": "NORMAL"
  },
  {
    "sensor_id": 10655,
    "timestamp": 2051223155,
    "visual_analysis": "NORMAL"
  },
  {
    "sensor_id": 10656,
    "timestamp": 2051223156,
    "visual_analysis": "NORMAL"
  },
  {
    "sensor_id": 10657,
    "timestamp": 2051223157,
    "visual_analysis": "NORMAL"
  },
  {
    "sensor_id": 10658,
    "timestamp": 2051223158,
    "visual_analysis": "NORMAL"
  },
  {
    "sensor_id": 10659,
    "timestamp": 2051223159,
    "visual_analysis": "NORMAL"
  },
  {
    "sensor_id": 10660,
    "timestamp": 2051223160,
    "visual_analysis": "NORMAL"
  },
  {
    "sensor_id": 10661,
    "timestamp": 2051223161,
    "visual_analysis": "NORMAL"
  },
  {
    "sensor_id": 10662,
    "timestamp": 2051223162,
    "visual_analysis": "NORMAL"
  },
  {
    "sensor_id": 10663,
    "timestamp": 2051223163,
    "visual_analysis": "NORMAL"
  },
  {
    "sensor_id": 10664,
    "timestamp": 2051223164,
    "visual_analysis": "NORMAL"
  },
  {
    "sensor_id": 10665,
    "timestamp": 2051223165,
    "visual_analysis": "NORMAL"
  },
  {
    "sensor_id": 10666,
    "timestamp": 2051223166,
    "visual_analysis": "NORMAL"
  },
  {
    "sensor_id": 10667,
    "timestamp": 2051223167,
    "visual_analysis": "NORMAL"
  },
  {
    "sensor_id": 10668,
    "timestamp": 2051223168,
    "visual_analysis": "NORMAL"
  },
  {
    "sensor_id": 10669,
    "timestamp": 2051223169,
    "visual_analysis": "NORMAL"
  },
  {
    "sensor_id": 10670,
    "timestamp": 2051223170,
    "visual_analysis": "FIRE"
  },
  {
    "sensor_id": 10671,
    "timestamp": 2051223171,
    "visual_analysis": "NORMAL"
  },
  {
    "sensor_id": 10672,
    "timestamp": 2051223172,
    "visual_analysis": "NORMAL"
  },
  {
    "sensor_id": 10673,
    "timestamp": 2051223173,
    "visual_analysis": "NORMAL"
  },
  {
    "sensor_id": 10674,
    "timestamp": 2051223174,
    "visual_analysis": "NORMAL"
  },
  {
    "sensor_id": 10675,
    "timestamp": 2051223175,
    "visual_analysis": "NORMAL"
  },
  {
    "sensor_id": 10676,
    "timestamp": 2051223176,
    "visual_analysis": "NORMAL"
  },
  {
    "sensor_id": 10677,
    "timestamp": 2051223177,
    "visual_analysis": "WARNING"
  },
  {
    "sensor_id": 10678,
    "timestamp": 2051223178,
    "visual_analysis": "WARNING"
  },
  {
    "sensor_id": 10679,
    "timestamp": 2051223179,
    "visual_analysis": "NORMAL"
  },
  {
    "sensor_id": 10680,
    "timestamp": 2051223180,
    "visual_analysis": "NORMAL"
  },
  {
    "sensor_id": 10681,
    "timestamp": 2051223181,
    "visual_analysis": "NORMAL"
  },
  {
    "sensor_id": 10682,
    "timestamp": 2051223182,
    "visual_analysis": "NORMAL"
  },
  {
    "sensor_id": 10683,
    "timestamp": 2051223183,
    "visual_analysis": "NORMAL"
  },
  {
    "sensor_id": 10684,
    "timestamp": 2051223184,
    "visual_analysis": "NORMAL"
  },
  {
    "sensor_id": 10685,
    "timestamp": 2051223185,
    "visual_analysis": "NORMAL"
  },
  {
    "sensor_id": 10686,
    "timestamp": 2051223186,
    "visual_analysis": "NORMAL"
  },
  {
    "sensor_id": 10687,
    "timestamp": 2051223187,
    "visual_analysis": "NORMAL"
  },
  {
    "sensor_id": 10688,
    "timestamp": 2051223188,
    "visual_analysis": "NORMAL"
  },
  {
    "sensor_id": 10689,
    "timestamp": 2051223189,
    "visual_analysis": "NORMAL"
  },
  {
    "sensor_id": 10690,
    "timestamp": 2051223190,
    "visual_analysis": "NORMAL"
  },
  {
    "sensor_id": 10691,
    "timestamp": 2051223191,
    "visual_analysis": "NORMAL"
  },
  {
    "sensor_id": 10692,
    "timestamp": 2051223192,
    "visual_analysis": "NORMAL"
  },
  {
    "sensor_id": 10693,
    "timestamp": 2051223193,
    "visual_analysis": "NORMAL"
  },
  {
    "sensor_id": 10694,
    "timestamp": 2051223194,
    "visual_analysis": "NORMAL"
  },
  {
    "sensor_id": 10695,
    "timestamp": 2051223195,
    "visual_analysis": "NORMAL"
  },
  {
    "sensor_id": 10696,
    "timestamp": 2051223196,
    "visual_analysis": "NORMAL"
  },
  {
    "sensor_id": 10697,
    "timestamp": 2051223197,
    "visual_analysis": "NORMAL"
  },
  {
    "sensor_id": 10698,
    "timestamp": 2051223198,
    "visual_analysis": "NORMAL"
  },
  {
    "sensor_id": 10699,
    "timestamp": 2051223199,
    "visual_analysis": "NORMAL"
  },
  {
    "sensor_id": 10700,
    "timestamp": 2051223200,
    "visual_analysis": "WARNING"
  },
  {
    "sensor_id": 10701,
    "timestamp": 2051223201,
    "visual_analysis": "NORMAL"
  },
  {
    "sensor_id": 10702,
    "timestamp": 2051223202,
    "visual_analysis": "NORMAL"
  },
  {
    "sensor_id": 10703,
    "timestamp": 2051223203,
    "visual_analysis": "NORMAL"
  },
  {
    "sensor_id": 10704,
    "timestamp": 2051223204,
    "visual_analysis": "NORMAL"
  },
  {
    "sensor_id": 10705,
    "timestamp": 2051223205,
    "visual_analysis": "NORMAL"
  },
  {
    "sensor_id": 10706,
    "timestamp": 2051223206,
    "visual_analysis": "NORMAL"
  },
  {
    "sensor_id": 10707,
    "timestamp": 2051223207,
    "visual_analysis": "NORMAL"
  },
  {
    "sensor_id": 10708,
    "timestamp": 2051223208,
    "visual_analysis": "NORMAL"
  },
  {
    "sensor_id": 10709,
    "timestamp": 2051223209,
    "visual_analysis": "NORMAL"
  },
  {
    "sensor_id": 10710,
    "timestamp": 2051223210,
    "visual_analysis": "NORMAL"
  },
  {
    "sensor_id": 10711,
    "timestamp": 2051223211,
    "visual_analysis": "NORMAL"
  },
  {
    "sensor_id": 10712,
    "timestamp": 2051223212,
    "visual_analysis": "NORMAL"
  },
  {
    "sensor_id": 10713,
    "timestamp": 2051223213,
    "visual_analysis": "NORMAL"
  },
  {
    "sensor_id": 10714,
    "timestamp": 2051223214,
    "visual_analysis": "NORMAL"
  },
  {
    "sensor_id": 10715,
    "timestamp": 2051223215,
    "visual_analysis": "NORMAL"
  },
  {
    "sensor_id": 10716,
    "timestamp": 2051223216,
    "visual_analysis": "NORMAL"
  },
  {
    "sensor_id": 10717,
    "timestamp": 2051223217,
    "visual_analysis": "NORMAL"
  },
  {
    "sensor_id": 10718,
    "timestamp": 2051223218,
    "visual_analysis": "NORMAL"
  },
  {
    "sensor_id": 10719,
    "timestamp": 2051223219,
    "visual_analysis": "NORMAL"
  },
  {
    "sensor_id": 10720,
    "timestamp": 2051223220,
    "visual_analysis": "NORMAL"
  },
  {
    "sensor_id": 10721,
    "timestamp": 2051223221,
    "visual_analysis": "NORMAL"
  },
  {
    "sensor_id": 10722,
    "timestamp": 2051223222,
    "visual_analysis": "NORMAL"
  },
  {
    "sensor_id": 10723,
    "timestamp": 2051223223,
    "visual_analysis": "NORMAL"
  },
  {
    "sensor_id": 10724,
    "timestamp": 2051223224,
    "visual_analysis": "WARNING"
  },
  {
    "sensor_id": 10725,
    "timestamp": 2051223225,
    "visual_analysis": "WARNING"
  },
  {
    "sensor_id": 10726,
    "timestamp": 2051223226,
    "visual_analysis": "NORMAL"
  },
  {
    "sensor_id": 10727,
    "timestamp": 2051223227,
    "visual_analysis": "NORMAL"
  },
  {
    "sensor_id": 10728,
    "timestamp": 2051223228,
    "visual_analysis": "NORMAL"
  },
  {
    "sensor_id": 10729,
    "timestamp": 2051223229,
    "visual_analysis": "NORMAL"
  },
  {
    "sensor_id": 10730,
    "timestamp": 2051223230,
    "visual_analysis": "NORMAL"
  },
  {
    "sensor_id": 10731,
    "timestamp": 2051223231,
    "visual_analysis": "NORMAL"
  },
  {
    "sensor_id": 10732,
    "timestamp": 2051223232,
    "visual_analysis": "NORMAL"
  },
  {
    "sensor_id": 10733,
    "timestamp": 2051223233,
    "visual_analysis": "NORMAL"
  },
  {
    "sensor_id": 10734,
    "timestamp": 2051223234,
    "visual_analysis": "NORMAL"
  },
  {
    "sensor_id": 10735,
    "timestamp": 2051223235,
    "visual_analysis": "NORMAL"
  },
  {
    "sensor_id": 10736,
    "timestamp": 2051223236,
    "visual_analysis": "NORMAL"
  },
  {
    "sensor_id": 10737,
    "timestamp": 2051223237,
    "visual_analysis": "NORMAL"
  },
  {
    "sensor_id": 10738,
    "timestamp": 2051223238,
    "visual_analysis": "NORMAL"
  },
  {
    "sensor_id": 10739,
    "timestamp": 2051223239,
    "visual_analysis": "NORMAL"
  },
  {
    "sensor_id": 10740,
    "timestamp": 2051223240,
    "visual_analysis": "NORMAL"
  },
  {
    "sensor_id": 10741,
    "timestamp": 2051223241,
    "visual_analysis": "NORMAL"
  },
  {
    "sensor_id": 10742,
    "timestamp": 2051223242,
    "visual_analysis": "NORMAL"
  },
  {
    "sensor_id": 10743,
    "timestamp": 2051223243,
    "visual_analysis": "NORMAL"
  },
  {
    "sensor_id": 10744,
    "timestamp": 2051223244,
    "visual_analysis": "NORMAL"
  },
  {
    "sensor_id": 10745,
    "timestamp": 2051223245,
    "visual_analysis": "NORMAL"
  },
  {
    "sensor_id": 10746,
    "timestamp": 2051223246,
    "visual_analysis": "NORMAL"
  },
  {
    "sensor_id": 10747,
    "timestamp": 2051223247,
    "visual_analysis": "NORMAL"
  },
  {
    "sensor_id": 10748,
    "timestamp": 2051223248,
    "visual_analysis": "NORMAL"
  },
  {
    "sensor_id": 10749,
    "timestamp": 2051223249,
    "visual_analysis": "NORMAL"
  },
  {
    "sensor_id": 10750,
    "timestamp": 2051223250,
    "visual_analysis": "NORMAL"
  },
  {
    "sensor_id": 10751,
    "timestamp": 2051223251,
    "visual_analysis": "NORMAL"
  },
  {
    "sensor_id": 10752,
    "timestamp": 2051223252,
    "visual_analysis": "NORMAL"
  },
  {
    "sensor_id": 10753,
    "timestamp": 2051223253,
    "visual_analysis": "NORMAL"
  },
  {
    "sensor_id": 10754,
    "timestamp": 2051223254,
    "visual_analysis": "NORMAL"
  },
  {
    "sensor_id": 10755,
    "timestamp": 2051223255,
    "visual_analysis": "NORMAL"
  },
  {
    "sensor_id": 10756,
    "timestamp": 2051223256,
    "visual_analysis": "NORMAL"
  },
  {
    "sensor_id": 10757,
    "timestamp": 2051223257,
    "visual_analysis": "NORMAL"
  },
  {
    "sensor_id": 10758,
    "timestamp": 2051223258,
    "visual_analysis": "NORMAL"
  },
  {
    "sensor_id": 10759,
    "timestamp": 2051223259,
    "visual_analysis": "NORMAL"
  },
  {
    "sensor_id": 10760,
    "timestamp": 2051223260,
    "visual_analysis": "NORMAL"
  },
  {
    "sensor_id": 10761,
    "timestamp": 2051223261,
    "visual_analysis": "NORMAL"
  },
  {
    "sensor_id": 10762,
    "timestamp": 2051223262,
    "visual_analysis": "NORMAL"
  },
  {
    "sensor_id": 10763,
    "timestamp": 2051223263,
    "visual_analysis": "NORMAL"
  },
  {
    "sensor_id": 10764,
    "timestamp": 2051223264,
    "visual_analysis": "NORMAL"
  },
  {
    "sensor_id": 10765,
    "timestamp": 2051223265,
    "visual_analysis": "NORMAL"
  },
  {
    "sensor_id": 10766,
    "timestamp": 2051223266,
    "visual_analysis": "NORMAL"
  },
  {
    "sensor_id": 10767,
    "timestamp": 2051223267,
    "visual_analysis": "FIRE"
  },
  {
    "sensor_id": 10768,
    "timestamp": 2051223268,
    "visual_analysis": "NORMAL"
  },
  {
    "sensor_id": 10769,
    "timestamp": 2051223269,
    "visual_analysis": "NORMAL"
  },
  {
    "sensor_id": 10770,
    "timestamp": 2051223270,
    "visual_analysis": "NORMAL"
  },
  {
    "sensor_id": 10771,
    "timestamp": 2051223271,
    "visual_analysis": "NORMAL"
  },
  {
    "sensor_id": 10772,
    "timestamp": 2051223272,
    "visual_analysis": "NORMAL"
  },
  {
    "sensor_id": 10773,
    "timestamp": 2051223273,
    "visual_analysis": "NORMAL"
  },
  {
    "sensor_id": 10774,
    "timestamp": 2051223274,
    "visual_analysis": "NORMAL"
  },
  {
    "sensor_id": 10775,
    "timestamp": 2051223275,
    "visual_analysis": "NORMAL"
  },
  {
    "sensor_id": 10776,
    "timestamp": 2051223276,
    "visual_analysis": "NORMAL"
  },
  {
    "sensor_id": 10777,
    "timestamp": 2051223277,
    "visual_analysis": "NORMAL"
  },
  {
    "sensor_id": 10778,
    "timestamp": 2051223278,
    "visual_analysis": "NORMAL"
  },
  {
    "sensor_id": 10779,
    "timestamp": 2051223279,
    "visual_analysis": "WARNING"
  },
  {
    "sensor_id": 10780,
    "timestamp": 2051223280,
    "visual_analysis": "NORMAL"
  },
  {
    "sensor_id": 10781,
    "timestamp": 2051223281,
    "visual_analysis": "NORMAL"
  },
  {
    "sensor_id": 10782,
    "timestamp": 2051223282,
    "visual_analysis": "NORMAL"
  },
  {
    "sensor_id": 10783,
    "timestamp": 2051223283,
    "visual_analysis": "NORMAL"
  },
  {
    "sensor_id": 10784,
    "timestamp": 2051223284,
    "visual_analysis": "NORMAL"
  },
  {
    "sensor_id": 10785,
    "timestamp": 2051223285,
    "visual_analysis": "NORMAL"
  },
  {
    "sensor_id": 10786,
    "timestamp": 2051223286,
    "visual_analysis": "NORMAL"
  },
  {
    "sensor_id": 10787,
    "timestamp": 2051223287,
    "visual_analysis": "NORMAL"
  },
  {
    "sensor_id": 10788,
    "timestamp": 2051223288,
    "visual_analysis": "NORMAL"
  },
  {
    "sensor_id": 10789,
    "timestamp": 2051223289,
    "visual_analysis": "NORMAL"
  },
  {
    "sensor_id": 10790,
    "timestamp": 2051223290,
    "visual_analysis": "NORMAL"
  },
  {
    "sensor_id": 10791,
    "timestamp": 2051223291,
    "visual_analysis": "NORMAL"
  },
  {
    "sensor_id": 10792,
    "timestamp": 2051223292,
    "visual_analysis": "NORMAL"
  },
  {
    "sensor_id": 10793,
    "timestamp": 2051223293,
    "visual_analysis": "WARNING"
  },
  {
    "sensor_id": 10794,
    "timestamp": 2051223294,
    "visual_analysis": "NORMAL"
  },
  {
    "sensor_id": 10795,
    "timestamp": 2051223295,
    "visual_analysis": "NORMAL"
  },
  {
    "sensor_id": 10796,
    "timestamp": 2051223296,
    "visual_analysis": "NORMAL"
  },
  {
    "sensor_id": 10797,
    "timestamp": 2051223297,
    "visual_analysis": "NORMAL"
  },
  {
    "sensor_id": 10798,
    "timestamp": 2051223298,
    "visual_analysis": "NORMAL"
  },
  {
    "sensor_id": 10799,
    "timestamp": 2051223299,
    "visual_analysis": "NORMAL"
  },
  {
    "sensor_id": 10800,
    "timestamp": 2051223300,
    "visual_analysis": "NORMAL"
  },
  {
    "sensor_id": 10801,
    "timestamp": 2051223301,
    "visual_analysis": "NORMAL"
  },
  {
    "sensor_id": 10802,
    "timestamp": 2051223302,
    "visual_analysis": "NORMAL"
  },
  {
    "sensor_id": 10803,
    "timestamp": 2051223303,
    "visual_analysis": "NORMAL"
  },
  {
    "sensor_id": 10804,
    "timestamp": 2051223304,
    "visual_analysis": "NORMAL"
  },
  {
    "sensor_id": 10805,
    "timestamp": 2051223305,
    "visual_analysis": "WARNING"
  },
  {
    "sensor_id": 10806,
    "timestamp": 2051223306,
    "visual_analysis": "NORMAL"
  },
  {
    "sensor_id": 10807,
    "timestamp": 2051223307,
    "visual_analysis": "NORMAL"
  },
  {
    "sensor_id": 10808,
    "timestamp": 2051223308,
    "visual_analysis": "NORMAL"
  },
  {
    "sensor_id": 10809,
    "timestamp": 2051223309,
    "visual_analysis": "NORMAL"
  },
  {
    "sensor_id": 10810,
    "timestamp": 2051223310,
    "visual_analysis": "NORMAL"
  },
  {
    "sensor_id": 10811,
    "timestamp": 2051223311,
    "visual_analysis": "NORMAL"
  },
  {
    "sensor_id": 10812,
    "timestamp": 2051223312,
    "visual_analysis": "NORMAL"
  },
  {
    "sensor_id": 10813,
    "timestamp": 2051223313,
    "visual_analysis": "NORMAL"
  },
  {
    "sensor_id": 10814,
    "timestamp": 2051223314,
    "visual_analysis": "NORMAL"
  },
  {
    "sensor_id": 10815,
    "timestamp": 2051223315,
    "visual_analysis": "NORMAL"
  },
  {
    "sensor_id": 10816,
    "timestamp": 2051223316,
    "visual_analysis": "NORMAL"
  },
  {
    "sensor_id": 10817,
    "timestamp": 2051223317,
    "visual_analysis": "NORMAL"
  },
  {
    "sensor_id": 10818,
    "timestamp": 2051223318,
    "visual_analysis": "NORMAL"
  },
  {
    "sensor_id": 10819,
    "timestamp": 2051223319,
    "visual_analysis": "NORMAL"
  },
  {
    "sensor_id": 10820,
    "timestamp": 2051223320,
    "visual_analysis": "NORMAL"
  },
  {
    "sensor_id": 10821,
    "timestamp": 2051223321,
    "visual_analysis": "NORMAL"
  },
  {
    "sensor_id": 10822,
    "timestamp": 2051223322,
    "visual_analysis": "NORMAL"
  },
  {
    "sensor_id": 10823,
    "timestamp": 2051223323,
    "visual_analysis": "NORMAL"
  },
  {
    "sensor_id": 10824,
    "timestamp": 2051223324,
    "visual_analysis": "NORMAL"
  },
  {
    "sensor_id": 10825,
    "timestamp": 2051223325,
    "visual_analysis": "NORMAL"
  },
  {
    "sensor_id": 10826,
    "timestamp": 2051223326,
    "visual_analysis": "NORMAL"
  },
  {
    "sensor_id": 10827,
    "timestamp": 2051223327,
    "visual_analysis": "NORMAL"
  },
  {
    "sensor_id": 10828,
    "timestamp": 2051223328,
    "visual_analysis": "NORMAL"
  },
  {
    "sensor_id": 10829,
    "timestamp": 2051223329,
    "visual_analysis": "NORMAL"
  },
  {
    "sensor_id": 10830,
    "timestamp": 2051223330,
    "visual_analysis": "NORMAL"
  },
  {
    "sensor_id": 10831,
    "timestamp": 2051223331,
    "visual_analysis": "NORMAL"
  },
  {
    "sensor_id": 10832,
    "timestamp": 2051223332,
    "visual_analysis": "NORMAL"
  },
  {
    "sensor_id": 10833,
    "timestamp": 2051223333,
    "visual_analysis": "NORMAL"
  },
  {
    "sensor_id": 10834,
    "timestamp": 2051223334,
    "visual_analysis": "NORMAL"
  },
  {
    "sensor_id": 10835,
    "timestamp": 2051223335,
    "visual_analysis": "NORMAL"
  },
  {
    "sensor_id": 10836,
    "timestamp": 2051223336,
    "visual_analysis": "NORMAL"
  },
  {
    "sensor_id": 10837,
    "timestamp": 2051223337,
    "visual_analysis": "NORMAL"
  },
  {
    "sensor_id": 10838,
    "timestamp": 2051223338,
    "visual_analysis": "NORMAL"
  },
  {
    "sensor_id": 10839,
    "timestamp": 2051223339,
    "visual_analysis": "NORMAL"
  },
  {
    "sensor_id": 10840,
    "timestamp": 2051223340,
    "visual_analysis": "NORMAL"
  },
  {
    "sensor_id": 10841,
    "timestamp": 2051223341,
    "visual_analysis": "NORMAL"
  },
  {
    "sensor_id": 10842,
    "timestamp": 2051223342,
    "visual_analysis": "NORMAL"
  },
  {
    "sensor_id": 10843,
    "timestamp": 2051223343,
    "visual_analysis": "NORMAL"
  },
  {
    "sensor_id": 10844,
    "timestamp": 2051223344,
    "visual_analysis": "NORMAL"
  },
  {
    "sensor_id": 10845,
    "timestamp": 2051223345,
    "visual_analysis": "NORMAL"
  },
  {
    "sensor_id": 10846,
    "timestamp": 2051223346,
    "visual_analysis": "NORMAL"
  },
  {
    "sensor_id": 10847,
    "timestamp": 2051223347,
    "visual_analysis": "NORMAL"
  },
  {
    "sensor_id": 10848,
    "timestamp": 2051223348,
    "visual_analysis": "NORMAL"
  },
  {
    "sensor_id": 10849,
    "timestamp": 2051223349,
    "visual_analysis": "NORMAL"
  },
  {
    "sensor_id": 10850,
    "timestamp": 2051223350,
    "visual_analysis": "NORMAL"
  },
  {
    "sensor_id": 10851,
    "timestamp": 2051223351,
    "visual_analysis": "NORMAL"
  },
  {
    "sensor_id": 10852,
    "timestamp": 2051223352,
    "visual_analysis": "NORMAL"
  },
  {
    "sensor_id": 10853,
    "timestamp": 2051223353,
    "visual_analysis": "NORMAL"
  },
  {
    "sensor_id": 10854,
    "timestamp": 2051223354,
    "visual_analysis": "NORMAL"
  },
  {
    "sensor_id": 10855,
    "timestamp": 2051223355,
    "visual_analysis": "NORMAL"
  },
  {
    "sensor_id": 10856,
    "timestamp": 2051223356,
    "visual_analysis": "NORMAL"
  },
  {
    "sensor_id": 10857,
    "timestamp": 2051223357,
    "visual_analysis": "NORMAL"
  },
  {
    "sensor_id": 10858,
    "timestamp": 2051223358,
    "visual_analysis": "NORMAL"
  },
  {
    "sensor_id": 10859,
    "timestamp": 2051223359,
    "visual_analysis": "NORMAL"
  },
  {
    "sensor_id": 10860,
    "timestamp": 2051223360,
    "visual_analysis": "NORMAL"
  },
  {
    "sensor_id": 10861,
    "timestamp": 2051223361,
    "visual_analysis": "NORMAL"
  },
  {
    "sensor_id": 10862,
    "timestamp": 2051223362,
    "visual_analysis": "NORMAL"
  },
  {
    "sensor_id": 10863,
    "timestamp": 2051223363,
    "visual_analysis": "NORMAL"
  },
  {
    "sensor_id": 10864,
    "timestamp": 2051223364,
    "visual_analysis": "FIRE"
  },
  {
    "sensor_id": 10865,
    "timestamp": 2051223365,
    "visual_analysis": "WARNING"
  },
  {
    "sensor_id": 10866,
    "timestamp": 2051223366,
    "visual_analysis": "NORMAL"
  },
  {
    "sensor_id": 10867,
    "timestamp": 2051223367,
    "visual_analysis": "NORMAL"
  },
  {
    "sensor_id": 10868,
    "timestamp": 2051223368,
    "visual_analysis": "NORMAL"
  },
  {
    "sensor_id": 10869,
    "timestamp": 2051223369,
    "visual_analysis": "NORMAL"
  },
  {
    "sensor_id": 10870,
    "timestamp": 2051223370,
    "visual_analysis": "NORMAL"
  },
  {
    "sensor_id": 10871,
    "timestamp": 2051223371,
    "visual_analysis": "NORMAL"
  },
  {
    "sensor_id": 10872,
    "timestamp": 2051223372,
    "visual_analysis": "NORMAL"
  },
  {
    "sensor_id": 10873,
    "timestamp": 2051223373,
    "visual_analysis": "NORMAL"
  },
  {
    "sensor_id": 10874,
    "timestamp": 2051223374,
    "visual_analysis": "NORMAL"
  },
  {
    "sensor_id": 10875,
    "timestamp": 2051223375,
    "visual_analysis": "NORMAL"
  },
  {
    "sensor_id": 10876,
    "timestamp": 2051223376,
    "visual_analysis": "NORMAL"
  },
  {
    "sensor_id": 10877,
    "timestamp": 2051223377,
    "visual_analysis": "NORMAL"
  },
  {
    "sensor_id": 10878,
    "timestamp": 2051223378,
    "visual_analysis": "NORMAL"
  },
  {
    "sensor_id": 10879,
    "timestamp": 2051223379,
    "visual_analysis": "NORMAL"
  },
  {
    "sensor_id": 10880,
    "timestamp": 2051223380,
    "visual_analysis": "WARNING"
  },
  {
    "sensor_id": 10881,
    "timestamp": 2051223381,
    "visual_analysis": "NORMAL"
  },
  {
    "sensor_id": 10882,
    "timestamp": 2051223382,
    "visual_analysis": "NORMAL"
  },
  {
    "sensor_id": 10883,
    "timestamp": 2051223383,
    "visual_analysis": "NORMAL"
  },
  {
    "sensor_id": 10884,
    "timestamp": 2051223384,
    "visual_analysis": "NORMAL"
  },
  {
    "sensor_id": 10885,
    "timestamp": 2051223385,
    "visual_analysis": "NORMAL"
  },
  {
    "sensor_id": 10886,
    "timestamp": 2051223386,
    "visual_analysis": "NORMAL"
  },
  {
    "sensor_id": 10887,
    "timestamp": 2051223387,
    "visual_analysis": "NORMAL"
  },
  {
    "sensor_id": 10888,
    "timestamp": 2051223388,
    "visual_analysis": "NORMAL"
  },
  {
    "sensor_id": 10889,
    "timestamp": 2051223389,
    "visual_analysis": "NORMAL"
  },
  {
    "sensor_id": 10890,
    "timestamp": 2051223390,
    "visual_analysis": "NORMAL"
  },
  {
    "sensor_id": 10891,
    "timestamp": 2051223391,
    "visual_analysis": "NORMAL"
  },
  {
    "sensor_id": 10892,
    "timestamp": 2051223392,
    "visual_analysis": "WARNING"
  },
  {
    "sensor_id": 10893,
    "timestamp": 2051223393,
    "visual_analysis": "NORMAL"
  },
  {
    "sensor_id": 10894,
    "timestamp": 2051223394,
    "visual_analysis": "NORMAL"
  },
  {
    "sensor_id": 10895,
    "timestamp": 2051223395,
    "visual_analysis": "NORMAL"
  },
  {
    "sensor_id": 10896,
    "timestamp": 2051223396,
    "visual_analysis": "NORMAL"
  },
  {
    "sensor_id": 10897,
    "timestamp": 2051223397,
    "visual_analysis": "NORMAL"
  },
  {
    "sensor_id": 10898,
    "timestamp": 2051223398,
    "visual_analysis": "NORMAL"
  },
  {
    "sensor_id": 10899,
    "timestamp": 2051223399,
    "visual_analysis": "NORMAL"
  },
  {
    "sensor_id": 10900,
    "timestamp": 2051223400,
    "visual_analysis": "NORMAL"
  },
  {
    "sensor_id": 10901,
    "timestamp": 2051223401,
    "visual_analysis": "NORMAL"
  },
  {
    "sensor_id": 10902,
    "timestamp": 2051223402,
    "visual_analysis": "NORMAL"
  },
  {
    "sensor_id": 10903,
    "timestamp": 2051223403,
    "visual_analysis": "NORMAL"
  },
  {
    "sensor_id": 10904,
    "timestamp": 2051223404,
    "visual_analysis": "NORMAL"
  },
  {
    "sensor_id": 10905,
    "timestamp": 2051223405,
    "visual_analysis": "WARNING"
  },
  {
    "sensor_id": 10906,
    "timestamp": 2051223406,
    "visual_analysis": "NORMAL"
  },
  {
    "sensor_id": 10907,
    "timestamp": 2051223407,
    "visual_analysis": "NORMAL"
  },
  {
    "sensor_id": 10908,
    "timestamp": 2051223408,
    "visual_analysis": "NORMAL"
  },
  {
    "sensor_id": 10909,
    "timestamp": 2051223409,
    "visual_analysis": "NORMAL"
  },
  {
    "sensor_id": 10910,
    "timestamp": 2051223410,
    "visual_analysis": "NORMAL"
  },
  {
    "sensor_id": 10911,
    "timestamp": 2051223411,
    "visual_analysis": "NORMAL"
  },
  {
    "sensor_id": 10912,
    "timestamp": 2051223412,
    "visual_analysis": "NORMAL"
  },
  {
    "sensor_id": 10913,
    "timestamp": 2051223413,
    "visual_analysis": "NORMAL"
  },
  {
    "sensor_id": 10914,
    "timestamp": 2051223414,
    "visual_analysis": "NORMAL"
  },
  {
    "sensor_id": 10915,
    "timestamp": 2051223415,
    "visual_analysis": "NORMAL"
  },
  {
    "sensor_id": 10916,
    "timestamp": 2051223416,
    "visual_analysis": "NORMAL"
  },
  {
    "sensor_id": 10917,
    "timestamp": 2051223417,
    "visual_analysis": "NORMAL"
  },
  {
    "sensor_id": 10918,
    "timestamp": 2051223418,
    "visual_analysis": "WARNING"
  },
  {
    "sensor_id": 10919,
    "timestamp": 2051223419,
    "visual_analysis": "NORMAL"
  },
  {
    "sensor_id": 10920,
    "timestamp": 2051223420,
    "visual_analysis": "NORMAL"
  },
  {
    "sensor_id": 10921,
    "timestamp": 2051223421,
    "visual_analysis": "NORMAL"
  },
  {
    "sensor_id": 10922,
    "timestamp": 2051223422,
    "visual_analysis": "NORMAL"
  },
  {
    "sensor_id": 10923,
    "timestamp": 2051223423,
    "visual_analysis": "NORMAL"
  },
  {
    "sensor_id": 10924,
    "timestamp": 2051223424,
    "visual_analysis": "NORMAL"
  },
  {
    "sensor_id": 10925,
    "timestamp": 2051223425,
    "visual_analysis": "NORMAL"
  },
  {
    "sensor_id": 10926,
    "timestamp": 2051223426,
    "visual_analysis": "NORMAL"
  },
  {
    "sensor_id": 10927,
    "timestamp": 2051223427,
    "visual_analysis": "NORMAL"
  },
  {
    "sensor_id": 10928,
    "timestamp": 2051223428,
    "visual_analysis": "NORMAL"
  },
  {
    "sensor_id": 10929,
    "timestamp": 2051223429,
    "visual_analysis": "NORMAL"
  },
  {
    "sensor_id": 10930,
    "timestamp": 2051223430,
    "visual_analysis": "NORMAL"
  },
  {
    "sensor_id": 10931,
    "timestamp": 2051223431,
    "visual_analysis": "NORMAL"
  },
  {
    "sensor_id": 10932,
    "timestamp": 2051223432,
    "visual_analysis": "NORMAL"
  },
  {
    "sensor_id": 10933,
    "timestamp": 2051223433,
    "visual_analysis": "NORMAL"
  },
  {
    "sensor_id": 10934,
    "timestamp": 2051223434,
    "visual_analysis": "NORMAL"
  },
  {
    "sensor_id": 10935,
    "timestamp": 2051223435,
    "visual_analysis": "NORMAL"
  },
  {
    "sensor_id": 10936,
    "timestamp": 2051223436,
    "visual_analysis": "NORMAL"
  },
  {
    "sensor_id": 10937,
    "timestamp": 2051223437,
    "visual_analysis": "WARNING"
  },
  {
    "sensor_id": 10938,
    "timestamp": 2051223438,
    "visual_analysis": "NORMAL"
  },
  {
    "sensor_id": 10939,
    "timestamp": 2051223439,
    "visual_analysis": "NORMAL"
  },
  {
    "sensor_id": 10940,
    "timestamp": 2051223440,
    "visual_analysis": "NORMAL"
  },
  {
    "sensor_id": 10941,
    "timestamp": 2051223441,
    "visual_analysis": "NORMAL"
  },
  {
    "sensor_id": 10942,
    "timestamp": 2051223442,
    "visual_analysis": "NORMAL"
  },
  {
    "sensor_id": 10943,
    "timestamp": 2051223443,
    "visual_analysis": "NORMAL"
  },
  {
    "sensor_id": 10944,
    "timestamp": 2051223444,
    "visual_analysis": "NORMAL"
  },
  {
    "sensor_id": 10945,
    "timestamp": 2051223445,
    "visual_analysis": "NORMAL"
  },
  {
    "sensor_id": 10946,
    "timestamp": 2051223446,
    "visual_analysis": "NORMAL"
  },
  {
    "sensor_id": 10947,
    "timestamp": 2051223447,
    "visual_analysis": "NORMAL"
  },
  {
    "sensor_id": 10948,
    "timestamp": 2051223448,
    "visual_analysis": "WARNING"
  },
  {
    "sensor_id": 10949,
    "timestamp": 2051223449,
    "visual_analysis": "NORMAL"
  },
  {
    "sensor_id": 10950,
    "timestamp": 2051223450,
    "visual_analysis": "NORMAL"
  },
  {
    "sensor_id": 10951,
    "timestamp": 2051223451,
    "visual_analysis": "NORMAL"
  },
  {
    "sensor_id": 10952,
    "timestamp": 2051223452,
    "visual_analysis": "NORMAL"
  },
  {
    "sensor_id": 10953,
    "timestamp": 2051223453,
    "visual_analysis": "NORMAL"
  },
  {
    "sensor_id": 10954,
    "timestamp": 2051223454,
    "visual_analysis": "NORMAL"
  },
  {
    "sensor_id": 10955,
    "timestamp": 2051223455,
    "visual_analysis": "NORMAL"
  },
  {
    "sensor_id": 10956,
    "timestamp": 2051223456,
    "visual_analysis": "NORMAL"
  },
  {
    "sensor_id": 10957,
    "timestamp": 2051223457,
    "visual_analysis": "NORMAL"
  },
  {
    "sensor_id": 10958,
    "timestamp": 2051223458,
    "visual_analysis": "NORMAL"
  },
  {
    "sensor_id": 10959,
    "timestamp": 2051223459,
    "visual_analysis": "NORMAL"
  },
  {
    "sensor_id": 10960,
    "timestamp": 2051223460,
    "visual_analysis": "NORMAL"
  },
  {
    "sensor_id": 10961,
    "timestamp": 2051223461,
    "visual_analysis": "FIRE"
  },
  {
    "sensor_id": 10962,
    "timestamp": 2051223462,
    "visual_analysis": "WARNING"
  },
  {
    "sensor_id": 10963,
    "timestamp": 2051223463,
    "visual_analysis": "NORMAL"
  },
  {
    "sensor_id": 10964,
    "timestamp": 2051223464,
    "visual_analysis": "NORMAL"
  },
  {
    "sensor_id": 10965,
    "timestamp": 2051223465,
    "visual_analysis": "NORMAL"
  },
  {
    "sensor_id": 10966,
    "timestamp": 2051223466,
    "visual_analysis": "WARNING"
  },
  {
    "sensor_id": 10967,
    "timestamp": 2051223467,
    "visual_analysis": "NORMAL"
  },
  {
    "sensor_id": 10968,
    "timestamp": 2051223468,
    "visual_analysis": "NORMAL"
  },
  {
    "sensor_id": 10969,
    "timestamp": 2051223469,
    "visual_analysis": "NORMAL"
  },
  {
    "sensor_id": 10970,
    "timestamp": 2051223470,
    "visual_analysis": "NORMAL"
  },
  {
    "sensor_id": 10971,
    "timestamp": 2051223471,
    "visual_analysis": "NORMAL"
  },
  {
    "sensor_id": 10972,
    "timestamp": 2051223472,
    "visual_analysis": "NORMAL"
  },
  {
    "sensor_id": 10973,
    "timestamp": 2051223473,
    "visual_analysis": "NORMAL"
  },
  {
    "sensor_id": 10974,
    "timestamp": 2051223474,
    "visual_analysis": "NORMAL"
  },
  {
    "sensor_id": 10975,
    "timestamp": 2051223475,
    "visual_analysis": "NORMAL"
  },
  {
    "sensor_id": 10976,
    "timestamp": 2051223476,
    "visual_analysis": "NORMAL"
  },
  {
    "sensor_id": 10977,
    "timestamp": 2051223477,
    "visual_analysis": "NORMAL"
  },
  {
    "sensor_id": 10978,
    "timestamp": 2051223478,
    "visual_analysis": "NORMAL"
  },
  {
    "sensor_id": 10979,
    "timestamp": 2051223479,
    "visual_analysis": "NORMAL"
  },
  {
    "sensor_id": 10980,
    "timestamp": 2051223480,
    "visual_analysis": "NORMAL"
  },
  {
    "sensor_id": 10981,
    "timestamp": 2051223481,
    "visual_analysis": "NORMAL"
  },
  {
    "sensor_id": 10982,
    "timestamp": 2051223482,
    "visual_analysis": "NORMAL"
  },
  {
    "sensor_id": 10983,
    "timestamp": 2051223483,
    "visual_analysis": "NORMAL"
  },
  {
    "sensor_id": 10984,
    "timestamp": 2051223484,
    "visual_analysis": "NORMAL"
  },
  {
    "sensor_id": 10985,
    "timestamp": 2051223485,
    "visual_analysis": "NORMAL"
  },
  {
    "sensor_id": 10986,
    "timestamp": 2051223486,
    "visual_analysis": "NORMAL"
  },
  {
    "sensor_id": 10987,
    "timestamp": 2051223487,
    "visual_analysis": "NORMAL"
  },
  {
    "sensor_id": 10988,
    "timestamp": 2051223488,
    "visual_analysis": "NORMAL"
  },
  {
    "sensor_id": 10989,
    "timestamp": 2051223489,
    "visual_analysis": "NORMAL"
  },
  {
    "sensor_id": 10990,
    "timestamp": 2051223490,
    "visual_analysis": "NORMAL"
  },
  {
    "sensor_id": 10991,
    "timestamp": 2051223491,
    "visual_analysis": "NORMAL"
  },
  {
    "sensor_id": 10992,
    "timestamp": 2051223492,
    "visual_analysis": "NORMAL"
  },
  {
    "sensor_id": 10993,
    "timestamp": 2051223493,
    "visual_analysis": "NORMAL"
  },
  {
    "sensor_id": 10994,
    "timestamp": 2051223494,
    "visual_analysis": "NORMAL"
  },
  {
    "sensor_id": 10995,
    "timestamp": 2051223495,
    "visual_analysis": "NORMAL"
  },
  {
    "sensor_id": 10996,
    "timestamp": 2051223496,
    "visual_analysis": "NORMAL"
  },
  {
    "sensor_id": 10997,
    "timestamp": 2051223497,
    "visual_analysis": "NORMAL"
  },
  {
    "sensor_id": 10998,
    "timestamp": 2051223498,
    "visual_analysis": "NORMAL"
  },
  {
    "sensor_id": 10999,
    "timestamp": 2051223499,
    "visual_analysis": "NORMAL"
  }
]