-- =============================================================================
-- Seed Data (snake_case schema)
-- Database: PostgreSQL (Supabase, MySQL compatible)
-- =============================================================================

BEGIN;

-- Clear existing data
DELETE FROM answers;
DELETE FROM submission_sessions;
DELETE FROM answer_keys;
DELETE FROM dataset_urls;
DELETE FROM questions;
DELETE FROM challenges;

-- =============================================================================
-- Challenges
-- =============================================================================

INSERT INTO challenges (id, title, subtitle, summary, tags, badge, description, caution_text, dataset_label, dataset_file_name, dataset_description, dataset_download_url, restrict_dataset_url, is_published)
VALUES
  ('pfct-news', 'PFCT Blog Insight', 'AI Challenge Hub',
   'PFCT ë¸”ë¡œê·¸ ì½˜í…ì¸ ë¥¼ ê¸°ë°˜ìœ¼ë¡œ ì¹´í…Œê³ ë¦¬Â·ì£¼ì œ ì¸ì‹ê³¼ ê·¼ê±° íŒë³„ ëŠ¥ë ¥ì„ í™•ì¸í•˜ëŠ” ì½˜í…ŒìŠ¤íŠ¸.',
   '["ë¦¬ì„œì¹˜","ì½˜í…ì¸  ë¶„ì„","ë¶„ë¥˜"]', 'N',
   'PFCT ë¸”ë¡œê·¸ ë°ì´í„°ì…‹ì„ ê¸°ë°˜ìœ¼ë¡œ ì¹´í…Œê³ ë¦¬ì™€ ì£¼ì œë¥¼ ì •í™•ížˆ êµ¬ë¶„í•˜ëŠ” ëŠ¥ë ¥ì„ í™•ì¸í•©ë‹ˆë‹¤. ì œê³µëœ URL ëª©ë¡ì„ ë°”íƒ•ìœ¼ë¡œ ê° ì§ˆë¬¸ í•­ëª©ì— ë§žëŠ” ê·¼ê±°ë¥¼ ì„ íƒí•˜ì„¸ìš”.',
   'ëª¨ë“  ì‘ë‹µì€ ì§€ì •ëœ ë°ì´í„°ì…‹ ë²”ìœ„ ì•ˆì—ì„œë§Œ ì¸ì •ë©ë‹ˆë‹¤. ìµœì¢… ì œì¶œ ì´í›„ì—ëŠ” ìˆ˜ì •ì´ ë¶ˆê°€í•©ë‹ˆë‹¤.',
   'PFCT ë¸”ë¡œê·¸ 100ê±´', 'pfct_blog_urls_100.txt', 'PFCT ë¸”ë¡œê·¸ ê²Œì‹œê¸€ URL ëª©ë¡',
   NULL, false, true),

  ('pfct-ocr', 'ìŠ¤ë§ˆíŠ¸ ë°°ë‹¬ ë°°ì°¨ ë¶„ì„ ì±Œë¦°ì§€', 'AI Challenge Hub',
   'AI ìŠ¤ë§ˆíŠ¸ ë°°ì°¨ ì—”ì§„ì˜ ë¡œê·¸ë¥¼ ë¶„ì„í•˜ì—¬ ê·œì¹™ ì¤€ìˆ˜ ì—¬ë¶€ì™€ ë°°ì°¨ íš¨ìœ¨ì„ ê²€ì¦í•˜ëŠ” ì½˜í…ŒìŠ¤íŠ¸.',
   '["ìš´ì˜ ë¶„ì„","ë¡œê·¸ ê²€ì¦","ë°°ì°¨ ìµœì í™”"]', 'N',
   'ë°°ë‹¬ í”Œëž«í¼ì˜ íš¨ìœ¨ì„±ì„ ë†’ì´ê¸° ìœ„í•´ ë„ìž…ëœ AI ìŠ¤ë§ˆíŠ¸ ë°°ì°¨ ì—”ì§„ ë¡œê·¸ë¥¼ ë¶„ì„í•©ë‹ˆë‹¤. ì œê³µëœ ë¼ì´ë” ì •ë³´ì™€ ë°°ì°¨ ë¡œê·¸(CSV/JSON)ë¥¼ ë°”íƒ•ìœ¼ë¡œ ê·œì¹™ì´ ì œëŒ€ë¡œ ì ìš©ë˜ì—ˆëŠ”ì§€ íŒë‹¨í•˜ê³ , ì£¼ì–´ì§„ ì§ˆë¬¸ì— ë‹µí•˜ì„¸ìš”.',
   'ëª¨ë“  ê³„ì‚°ì€ ì œê³µëœ ë°ì´í„°ì…‹ ê¸°ì¤€ìœ¼ë¡œë§Œ ìˆ˜í–‰í•©ë‹ˆë‹¤. ì œì‹œëœ ê·œì¹™ ì™¸ì˜ ê°€ì •ì„ ì¶”ê°€í•˜ì§€ ë§ˆì„¸ìš”.',
   'ë°°ì°¨ ë¡œê·¸ 3ì¢…', 'delivery_data.zip', 'rider_info.json, dispatch_log.csv, pending_orders.csv',
   '/datasets/delivery_data.zip', false, true),

  ('drone-multimodal', 'ë“œë¡  AI ë¹„ìƒ ìƒí™© íŒë‹¨ ì±Œë¦°ì§€', 'ë©€í‹°ëª¨ë‹¬ ë¶„ì„',
   'ìžìœ¨ì£¼í–‰ ë“œë¡ ì˜ ë¹„í–‰ ë¡œê·¸ì™€ ì¹´ë©”ë¼ ì´ë¯¸ì§€ë¥¼ ë¶„ì„í•˜ì—¬ AIì˜ ë¹„ìƒ íŒë‹¨ì´ ì ì ˆí–ˆëŠ”ì§€ í‰ê°€í•©ë‹ˆë‹¤.',
   '["ë©€í‹°ëª¨ë‹¬","ì„¼ì„œ ë¶„ì„","AI íŒë‹¨"]', 'N',
   'ìžìœ¨ì£¼í–‰ ë“œë¡  ê´€ì œ ì„¼í„°ì˜ ì—”ì§€ë‹ˆì–´ë¡œì„œ, ë¹„í–‰ ì¤‘ ë°œìƒí•œ ë¹„ìƒ ìƒí™©(Event)ì„ ë¶„ì„í•´ì•¼ í•©ë‹ˆë‹¤. AIê°€ í˜„ìž¥ì—ì„œ ìˆ˜ì§‘í•œ ë©€í‹°ëª¨ë‹¬ ë°ì´í„°(ì‹œê° ì •ë³´ + ì„¼ì„œ ë¡œê·¸)ë¥¼ ìƒí˜¸ ê²€ì¦í•˜ì—¬, AIì˜ íŒë‹¨ì´ ì ì ˆí–ˆëŠ”ì§€ í‰ê°€í•´ ì£¼ì„¸ìš”.',
   'ì„¼ì„œ ë¡œê·¸ì™€ ì´ë¯¸ì§€ë¥¼ í•¨ê»˜ ë¶„ì„í•´ì•¼ ì •í™•í•œ íŒë‹¨ì´ ê°€ëŠ¥í•©ë‹ˆë‹¤. drone_specs.jsonì˜ ì•ˆì „ ê·œì¹™ì„ ì°¸ê³ í•˜ì„¸ìš”.',
   'ë“œë¡  ë¹„í–‰ ë¡œê·¸ ë° ì´ë¯¸ì§€', 'drone_log_data.zip', '3ê°œ ì´ë²¤íŠ¸ì˜ ì„¼ì„œ ë¡œê·¸(JSON)ì™€ í˜„ìž¥ ì´ë¯¸ì§€(PNG), ë“œë¡  ì‚¬ì–‘ì„œ í¬í•¨',
   '/datasets/drone_log_data.zip', false, true),

  ('voyager-signal', 'ðŸ›°ï¸ ë³´ì´ì € 3í˜¸ ì™¸ê³„ ì‹ í˜¸ í•´ë…', 'ì‹¬ìš°ì£¼ íƒì‚¬',
   'ì‹¬ìš°ì£¼ë¥¼ íƒì‚¬ ì¤‘ì¸ ë³´ì´ì € 3í˜¸ê°€ ìˆ˜ì‹ í•œ ì •ì²´ë¶ˆëª…ì˜ ì‹ í˜¸ë¥¼ í•´ë…í•˜ì—¬ ì™¸ê³„ ë¬¸ëª…ì˜ ë©”ì‹œì§€ë¥¼ ë°í˜€ë‚´ì„¸ìš”.',
   '["ì‹ í˜¸ ì²˜ë¦¬","íŒ¨í„´ ì¸ì‹","ì´ì§„ í•´ë…"]', 'N',
   'ë³´ì´ì € 3í˜¸ê°€ ìˆ˜ì‹ í•œ ì´ì§„ ì‹ í˜¸ì—ëŠ” ì—„ì²­ë‚œ ë…¸ì´ì¦ˆ ì†ì— ì˜ë¯¸ ìžˆëŠ” ë©”ì‹œì§€ê°€ ìˆ¨ê²¨ì ¸ ìžˆìŠµë‹ˆë‹¤. ì œê³µëœ í•´ë… ê·œì¹™ì— ë”°ë¼ ë…¸ì´ì¦ˆë¥¼ ì œê±°í•˜ê³ , 8ë¹„íŠ¸ ASCII ì½”ë“œë¡œ ë³€í™˜í•˜ì—¬ ì™¸ê³„ ë¬¸ëª…ì˜ ë©”ì‹œì§€ë¥¼ í•´ë…í•˜ì„¸ìš”.',
   'ì‹ í˜¸ëŠ” 8ë¹„íŠ¸ ë‹¨ìœ„ë¡œ ì²˜ë¦¬í•©ë‹ˆë‹¤. 1010ìœ¼ë¡œ ì‹œìž‘í•˜ëŠ” ì²­í¬ëŠ” ë…¸ì´ì¦ˆìž…ë‹ˆë‹¤. í—¤ë”/í‘¸í„° íŒ¨í„´ì„ ì •í™•ížˆ ì°¾ì•„ì•¼ í•©ë‹ˆë‹¤.',
   'ì‹ í˜¸ ë°ì´í„° ë° í•´ë… ê·œì¹™', 'voyager_signal.zip', 'signal_data.txt (ì´ì§„ ì‹ í˜¸), decoding_rules.md (í•´ë… ê·œì¹™)',
   '/datasets/voyager_signal.zip', false, true),

  ('ott-analysis', 'ðŸŽ¬ OTT ì½˜í…ì¸  í¥í–‰ ë¶„ì„', 'ë°ì´í„° ì‚¬ì´ì–¸ìŠ¤',
   'ê¸€ë¡œë²Œ OTT í”Œëž«í¼ì˜ ì½˜í…ì¸ ì™€ ì‚¬ìš©ìž ì‹œì²­ ê¸°ë¡ì„ ë¶„ì„í•˜ì—¬ í¥í–‰ íŒ¨í„´ì„ íŒŒì•…í•˜ê³  ì¶”ì²œ ì•Œê³ ë¦¬ì¦˜ì„ ê²€ì¦í•˜ì„¸ìš”.',
   '["í†µê³„ ë¶„ì„","ì¶”ì²œ ì‹œìŠ¤í…œ","ì‚¬ìš©ìž í–‰ë™"]', 'N',
   'OTT í”Œëž«í¼ì˜ ë°ì´í„° ê³¼í•™ìžê°€ ë˜ì–´ ì½˜í…ì¸  ë©”íƒ€ë°ì´í„°ì™€ ì‚¬ìš©ìž ì‹œì²­ ë¡œê·¸ë¥¼ ë¶„ì„í•©ë‹ˆë‹¤. ìž¥ë¥´ë³„ í¥í–‰ë„, VIP ìœ ì € ì„ í˜¸ë„, ì¶”ì²œ ì•Œê³ ë¦¬ì¦˜ ê²€ì¦ ë“±ì˜ ê³¼ì œë¥¼ ìˆ˜í–‰í•˜ì„¸ìš”.',
   'ëª¨ë“  ë¶„ì„ì€ ì œê³µëœ ë°ì´í„°ì…‹ ë²”ìœ„ ë‚´ì—ì„œë§Œ ìˆ˜í–‰í•©ë‹ˆë‹¤. ì‹œì²­ ì‹œê°„ì˜ ë‹¨ìœ„ëŠ” ë¶„(minutes)ìž…ë‹ˆë‹¤.',
   'OTT ì½˜í…ì¸  ë°ì´í„°', 'ott_data.zip', 'contents_meta.csv (ì½˜í…ì¸  ì •ë³´), user_logs.json (ì‹œì²­ ê¸°ë¡)',
   '/datasets/ott_data.zip', false, true),

  ('warehouse-robot', 'ðŸ¤– ìŠ¤ë§ˆíŠ¸ ë¬¼ë¥˜ ë¡œë´‡ ë™ì„  ìµœì í™”', 'ì•Œê³ ë¦¬ì¦˜ ì‹œë®¬ë ˆì´ì…˜',
   'ìŠ¤ë§ˆíŠ¸ ë¬¼ë¥˜ ì„¼í„°ì˜ AI ë¡œë´‡ë“¤ì´ ì£¼ë¬¸ì„ ì²˜ë¦¬í•˜ëŠ” ìµœì  ê²½ë¡œë¥¼ ì„¤ê³„í•˜ê³  ì‹œìŠ¤í…œ ë³‘ëª©ì„ ë¶„ì„í•˜ì„¸ìš”.',
   '["ê²½ë¡œ íƒìƒ‰","ìž‘ì—… í• ë‹¹","ì‹œë®¬ë ˆì´ì…˜"]', 'N',
   'ìµœì²¨ë‹¨ ë¬¼ë¥˜ ì„¼í„°ì—ì„œ ìˆ˜ì‹­ ëŒ€ì˜ ë¡œë´‡ì´ ë¬¼ê±´ì„ ë‚˜ë¥´ê³  ìžˆìŠµë‹ˆë‹¤. ì°½ê³  ì§€ë„, ì£¼ë¬¸ ëª©ë¡, ë¡œë´‡ ìƒíƒœë¥¼ ë¶„ì„í•˜ì—¬ ìµœì ì˜ ì´ë™ ê²½ë¡œì™€ ìž‘ì—… í• ë‹¹ì„ ì„¤ê³„í•˜ì„¸ìš”.',
   'ë¡œë´‡ì€ ìƒí•˜ì¢Œìš°ë¡œë§Œ ì´ë™ ê°€ëŠ¥í•©ë‹ˆë‹¤. ë§¨í•´íŠ¼ ê±°ë¦¬ë¥¼ ê¸°ì¤€ìœ¼ë¡œ ê³„ì‚°í•˜ì„¸ìš”. ë°°í„°ë¦¬ 20% ë¯¸ë§Œ ë¡œë´‡ì€ ìž‘ì—… ë¶ˆê°€í•©ë‹ˆë‹¤.',
   'ë¬¼ë¥˜ ì„¼í„° ì‹œë®¬ë ˆì´ì…˜ ë°ì´í„°', 'warehouse_data.zip', 'warehouse_map.txt, orders.json, robot_status.csv, operation_rules.md',
   '/datasets/warehouse_data.zip', false, true);

-- =============================================================================
-- Questions
-- =============================================================================

-- pfct-news questions (í¬ë¡¤ë§ ê¸°ë°˜ ë¬¸ì œ, ì´ 100ì )
INSERT INTO questions (id, challenge_id, "order", type, prompt, options, required, points) VALUES
  ('pfct-news-q1', 'pfct-news', 1, 'SHORT',
   'ë³¸ë¬¸ì— ''AI''ë¼ëŠ” í‚¤ì›Œë“œê°€ í¬í•¨ëœ ë¸”ë¡œê·¸ëŠ” ëª‡ ê°œì¸ê°€ìš”?',
   NULL, true, 10),
  ('pfct-news-q2', 'pfct-news', 2, 'SHORT',
   '100ê°œ ë¸”ë¡œê·¸ ë³¸ë¬¸ì—ì„œ ''ê¸ˆë¦¬''ë¼ëŠ” ë‹¨ì–´ê°€ ì´ ëª‡ íšŒ ë“±ìž¥í•˜ë‚˜ìš”?',
   NULL, true, 20),
  ('pfct-news-q3', 'pfct-news', 3, 'SHORT',
   '''íˆ¬ìž''ë¼ëŠ” ë‹¨ì–´ê°€ ê°€ìž¥ ë§Žì´ ë“±ìž¥í•˜ëŠ” ë¸”ë¡œê·¸ì˜ slugëŠ”? (slug: URLì—ì„œ ë„ë©”ì¸ì„ ì œì™¸í•œ ê²½ë¡œ)',
   NULL, true, 20),
  ('pfct-news-q4', 'pfct-news', 4, 'SHORT',
   'ë³¸ë¬¸ì— ''ë‹´ë³´''ì™€ ''ì•„íŒŒíŠ¸'' ë‘ í‚¤ì›Œë“œê°€ ëª¨ë‘ í¬í•¨ëœ ë¸”ë¡œê·¸ëŠ” ëª‡ ê°œì¸ê°€ìš”?',
   NULL, true, 20),
  ('pfct-news-q5', 'pfct-news', 5, 'SHORT',
   '''AI''ë¼ëŠ” ë‹¨ì–´ê°€ ê°€ìž¥ ë§Žì´ ë“±ìž¥í•˜ëŠ” ë¸”ë¡œê·¸ì˜ slugëŠ”? (slug: URLì—ì„œ ë„ë©”ì¸ì„ ì œì™¸í•œ ê²½ë¡œ, ì˜ˆ: blog.pfct.co.kr/hello â†’ hello)',
   NULL, true, 30);

-- pfct-ocr questions (ì´ 90ì )
INSERT INTO questions (id, challenge_id, "order", type, prompt, options, required, points) VALUES
  ('pfct-ocr-q1', 'pfct-ocr', 1, 'single',
   'dispatch_log.csv ë°ì´í„° ì¤‘, ì„ í˜¸ ì§€ì—­ ê°€ì¤‘ì¹˜ ì ìš©ìœ¼ë¡œ ì¸í•´ ì‹¤ì œ ê±°ë¦¬ìƒ ë” ê°€ê¹Œìš´ ë¼ì´ë”ê°€ ìžˆì—ˆìŒì—ë„ ë°°ì°¨ê¶Œì„ ì–»ì€ ''ì—­ì „ ë°°ì°¨'' ê±´ìˆ˜ëŠ” ëª‡ ê±´ì¸ê°€ìš”?',
   '["2ê±´","3ê±´","4ê±´","5ê±´"]', true, 10),
  ('pfct-ocr-q2', 'pfct-ocr', 2, 'single',
   'ë°°ì°¨ì— ì„±ê³µí•œ ë¼ì´ë”ë“¤ì˜ í‰ê·  ì‹¤ì œ ì´ë™ ê±°ë¦¬(raw_distance)ë¥¼ ê¸´ ìˆœì„œì—ì„œ ì§§ì€ ìˆœì„œë¡œ ì •ë ¬í•œ ê²ƒì„ ê³ ë¥´ì„¸ìš”.',
   '["ì •ìŠ¤í”¼ë“œ > ë°•ë¯¼ìˆ˜ > ì´ì˜í¬ > ê¹€ì² ìˆ˜ > ìµœì‹ ì†","ì •ìŠ¤í”¼ë“œ > ê¹€ì² ìˆ˜ > ì´ì˜í¬ > ë°•ë¯¼ìˆ˜ > ìµœì‹ ì†","ìµœì‹ ì† > ë°•ë¯¼ìˆ˜ > ì´ì˜í¬ > ê¹€ì² ìˆ˜ > ì •ìŠ¤í”¼ë“œ","ì´ì˜í¬ > ì •ìŠ¤í”¼ë“œ > ê¹€ì² ìˆ˜ > ë°•ë¯¼ìˆ˜ > ìµœì‹ ì†"]',
   true, 15),
  ('pfct-ocr-q3', 'pfct-ocr', 3, 'single',
   'ë°°ì°¨ ì™„ë£Œ ë°ì´í„°ì—ì„œ, ì„ í˜¸ ì§€ì—­ ë¼ì´ë”ê°€ ë°°ì •ëœ ë¹„ìœ¨ì´ 100%ì¸ ì§€ì—­ ì¤‘ ë°°ì • ê±´ìˆ˜ê°€ ê°€ìž¥ ë§Žì€ ì§€ì—­ì€?',
   '["ê°•ë‚¨êµ¬","ì„œì´ˆêµ¬","ì—­ì‚¼ë™","ì†¡íŒŒêµ¬"]', true, 15),
  ('pfct-ocr-q4', 'pfct-ocr', 4, 'single',
   'pending_orders.csv ê¸°ì¤€, ë°°ì°¨ ì‹¤íŒ¨ ì›ì¸ ì¤‘ ê°€ìž¥ ë§Žì´ ë°œìƒí•œ ì‚¬ìœ ëŠ” ë¬´ì—‡ì¸ê°€ìš”?',
   '["ë°°ë‹¬ ê°€ëŠ¥ ë°˜ê²½(10km) ì´ˆê³¼","ë¼ì´ë”ì˜ ìµœëŒ€ ì ìž¬ ìš©ëŸ‰ ì´ˆê³¼","ê°€ìš© ë¼ì´ë”ì˜ ì—…ë¬´ ë¶€í•˜(2ê±´) ì´ˆê³¼","ì£¼ë¬¸ ì§€ì—­ ì„ í˜¸ ë¼ì´ë” ë¶€ìž¬"]',
   true, 10),
  ('pfct-ocr-q5', 'pfct-ocr', 5, 'single',
   'ëª¨ë“  ë°°ì°¨ ì™„ë£Œ í›„, ë‚¨ì€ ì ìž¬ ìš©ëŸ‰ì´ í° ìˆœì„œëŒ€ë¡œ ë¼ì´ë”ë¥¼ ì •ë ¬í•œ ê²°ê³¼ëŠ” ë¬´ì—‡ì¸ê°€ìš”?',
   '["ì •ìŠ¤í”¼ë“œ > ê¹€ì² ìˆ˜ > ìµœì‹ ì† > ì´ì˜í¬ = ë°•ë¯¼ìˆ˜","ì •ìŠ¤í”¼ë“œ > ì´ì˜í¬ > ë°•ë¯¼ìˆ˜ > ê¹€ì² ìˆ˜ > ìµœì‹ ì†","ê¹€ì² ìˆ˜ > ì •ìŠ¤í”¼ë“œ > ìµœì‹ ì† > ì´ì˜í¬ = ë°•ë¯¼ìˆ˜","ìµœì‹ ì† > ì´ì˜í¬ > ë°•ë¯¼ìˆ˜ > ì •ìŠ¤í”¼ë“œ > ê¹€ì² ìˆ˜"]',
   true, 40);

-- drone-multimodal questions (ì´ 100ì )
INSERT INTO questions (id, challenge_id, "order", type, prompt, options, required, points) VALUES
  ('drone-q1', 'drone-multimodal', 1, 'SINGLE',
   '14:22:05 ì£¼íƒê°€ ê³¨ëª© ë¹„í–‰ ì¤‘ ë°œìƒí•œ EMERGENCY_STOP ì´ë²¤íŠ¸ìž…ë‹ˆë‹¤. event_001_sensor.jsonê³¼ event_001_vision.pngë¥¼ ëŒ€ì¡°í•˜ì—¬ AIì˜ íŒë‹¨ ê·¼ê±°ë¥¼ ë¶„ì„í•˜ì„¸ìš”.',
   '["ê³¼ìž‰ ë°˜ì‘: ìž¥ì• ë¬¼ì´ ìž‘ì•„ íšŒí”¼ ê°€ëŠ¥í–ˆìŒ","ì ì ˆí•œ íŒë‹¨: ìƒëª…ì²´ ì‹ë³„ ë° ì•ˆì „ê±°ë¦¬ ë¯¸í™•ë³´ë¡œ ì •ì§€í•¨","ì„¼ì„œ ì˜¤ë¥˜: ì´ë¯¸ì§€ì™€ ë¼ì´ë‹¤ ê±°ë¦¬ê°’ ë¶ˆì¼ì¹˜","íŒë‹¨ ë¶ˆê°€: ì¡°ë„ ë¶€ì¡±ìœ¼ë¡œ ì‹ë³„ ë¶ˆê°€"]',
   true, 30),
  ('drone-q2', 'drone-multimodal', 2, 'SINGLE',
   'ëª©ì ì§€ ìƒê³µ(Target_Zone_7B)ì— ë„ì°©í–ˆìœ¼ë‚˜ ì°©ë¥™í•˜ì§€ ì•Šê³  íšŒí•­í–ˆìŠµë‹ˆë‹¤. event_002_sensor.jsonê³¼ event_002_vision.pngë¥¼ ë¶„ì„í•˜ì—¬ AIê°€ ì°©ë¥™ì„ í¬ê¸°í•œ ê¸°ìˆ ì  ì›ì¸ì€ ë¬´ì—‡ìž…ë‹ˆê¹Œ?',
   '["GPS ì‹ í˜¸ ë¯¸ì•½ìœ¼ë¡œ ìœ„ì¹˜ íŠ¹ì • ì‹¤íŒ¨","ê³ ë„ ì„¼ì„œ ì˜¤ìž‘ë™ (ì§€ìƒìœ¼ë¡œ ì˜¤ì¸)","í‘œë©´ ìŠ¤ìº” ê²°ê³¼ ë¶ˆì•ˆì •(UNSTABLE) - ìž¥ì• ë¬¼ ê°ì§€","ë°°í„°ë¦¬ ìž”ëŸ‰ ë¶€ì¡± (Critical Low)"]',
   true, 30),
  ('drone-q3', 'drone-multimodal', 3, 'SINGLE',
   'ë§‘ì€ ë‚ ì”¨(Clear)ìž„ì—ë„ VISUAL_ERROR ê²½ê³ ê°€ ë°œìƒí–ˆìŠµë‹ˆë‹¤. event_003_sensor.jsonê³¼ event_003_vision.pngë¥¼ ë¶„ì„í•˜ì—¬ ì—”ì§€ë‹ˆì–´ë¡œì„œ ê°€ìž¥ ë¨¼ì € ìˆ˜í–‰í•´ì•¼ í•  ì¡°ì¹˜ëŠ” ë¬´ì—‡ìž…ë‹ˆê¹Œ?',
   '["ê¸°ìƒì²­ API ì„œë²„ ì ê²€ ìš”ì²­","ì¦‰ì‹œ ë³µê·€ ëª…ë ¹ (ì‹œê° ì„¼ì„œ ì‹ ë¢°ë„ ì €í•˜)","ê°•ì œ ì°©ë¥™ ì‹œë„ (í˜„ ìœ„ì¹˜)","API ë°ì´í„° ì‹ ë¢° í›„ ê³„ì† ë¹„í–‰"]',
   true, 40);

-- voyager-signal questions (ì™¸ê³„ ì‹ í˜¸ í•´ë…, ì´ 100ì )
INSERT INTO questions (id, challenge_id, "order", type, prompt, options, required, points) VALUES
  ('voyager-q1', 'voyager-signal', 1, 'SHORT',
   'ì œê³µëœ ê·œì¹™ì— ë”°ë¼ ì‹ í˜¸ì—ì„œ ë…¸ì´ì¦ˆë¥¼ ì œê±°í–ˆì„ ë•Œ, ì „ì²´ ì‹ í˜¸ ëŒ€ë¹„ ë…¸ì´ì¦ˆì˜ ë¹„ìœ¨ì€ ì–¼ë§ˆì¸ê°€ìš”? (ì†Œìˆ˜ì  ë‘˜ì§¸ ìžë¦¬ê¹Œì§€, ì˜ˆ: 12.34)',
   NULL, true, 30),
  ('voyager-q2', 'voyager-signal', 2, 'SHORT',
   'í•´ë…ëœ ë©”ì‹œì§€ì—ì„œ "HELLO_EARTH"ë¼ëŠ” ë¬¸ìžì—´ì´ ì´ ëª‡ ë²ˆ ë“±ìž¥í•˜ë‚˜ìš”?',
   NULL, true, 30),
  ('voyager-q3', 'voyager-signal', 3, 'SINGLE',
   'í•´ë…ëœ ë©”ì‹œì§€ì— í¬í•¨ëœ ì¢Œí‘œ ì •ë³´(X, Y, Z)ë¥¼ ê³ ë¥´ì„¸ìš”.',
   '["X:127 Y:891 Z:2049","X:256 Y:512 Z:1024","X:100 Y:200 Z:300","X:891 Y:127 Z:2049"]',
   true, 40);

-- ott-analysis questions (OTT ì½˜í…ì¸  ë¶„ì„, ì´ 100ì )
INSERT INTO questions (id, challenge_id, "order", type, prompt, options, required, points) VALUES
  ('ott-q1', 'ott-analysis', 1, 'SINGLE',
   'ì§€ë‚œ 1ë…„ê°„ ê³µê°œëœ ì½˜í…ì¸  ì¤‘ í‰ê·  ì‹œì²­ ì‹œê°„ì´ ê°€ìž¥ ê¸´ ìž¥ë¥´ TOP 3ë¥¼ ìˆœì„œëŒ€ë¡œ ë‚˜ì—´í•œ ê²ƒì„ ê³ ë¥´ì„¸ìš”.',
   '["SF > ìŠ¤ë¦´ëŸ¬ > ì•¡ì…˜","ë“œë¼ë§ˆ > ë¡œë§¨ìŠ¤ > ì½”ë¯¸ë””","ì•¡ì…˜ > SF > ìŠ¤ë¦´ëŸ¬","ìŠ¤ë¦´ëŸ¬ > ì•¡ì…˜ > SF"]',
   true, 30),
  ('ott-q2', 'ott-analysis', 2, 'SHORT',
   'ê°€ìž¥ ë§Žì€ ì½˜í…ì¸ ë¥¼ ì‹œì²­í•œ ìƒìœ„ 1% VIP ìœ ì €ë“¤ì´ ê³µí†µì ìœ¼ë¡œ ê°€ìž¥ ë§Žì´ ì‹œì²­í•œ ë°°ìš°ëŠ” ëˆ„êµ¬ì¸ê°€ìš”? (ì˜ˆ: ë°°ìš°A)',
   NULL, true, 30),
  ('ott-q3', 'ott-analysis', 3, 'SHORT',
   'SF ìž¥ë¥´ ì½˜í…ì¸ ì˜ í‰ê·  ì‹œì²­ ì‹œê°„ì€ ëª‡ ë¶„ì¸ê°€ìš”? (ì†Œìˆ˜ì  ì²«ì§¸ ìžë¦¬ê¹Œì§€, ì˜ˆ: 94.7)',
   NULL, true, 40);

-- warehouse-robot questions (ë¬¼ë¥˜ ë¡œë´‡ ìµœì í™”, ì´ 100ì )
INSERT INTO questions (id, challenge_id, "order", type, prompt, options, required, points) VALUES
  ('warehouse-q1', 'warehouse-robot', 1, 'SHORT',
   'ë¡œë´‡ R01ì´ (1,1) ìœ„ì¹˜ì—ì„œ ì£¼ë¬¸ ORD003ì˜ í”½ì—… ìœ„ì¹˜ (6,6)ê¹Œì§€ ì´ë™í•  ë•Œ ë§¨í•´íŠ¼ ê±°ë¦¬ëŠ” ì–¼ë§ˆì¸ê°€ìš”?',
   NULL, true, 30),
  ('warehouse-q2', 'warehouse-robot', 2, 'SINGLE',
   'í˜„ìž¬ ëŒ€ê¸° ì¤‘ì¸ ì£¼ë¬¸ë“¤ì„ ê°€ìš© ë¡œë´‡ë“¤ì—ê²Œ í• ë‹¹í•  ë•Œ, ì „ì²´ ë¡œë´‡ì˜ ì˜ˆìƒ ì´ ì´ë™ ê±°ë¦¬ê°€ ê°€ìž¥ ì§§ì•„ì§€ëŠ” ìµœì  í• ë‹¹ì˜ ì´ ê±°ë¦¬ëŠ”?',
   '["10","12","14","16"]',
   true, 30),
  ('warehouse-q3', 'warehouse-robot', 3, 'SHORT',
   'ì‹œë®¬ë ˆì´ì…˜ ê²°ê³¼, ëª¨ë“  ë¡œë´‡ì´ ìž‘ì—…ì„ ìˆ˜í–‰í•  ë•Œ ê°€ìž¥ ë§Žì´ í†µê³¼í•˜ì—¬ í˜¼ìž¡ë„ê°€ ë†’ì„ ê²ƒìœ¼ë¡œ ì˜ˆìƒë˜ëŠ” ì¢Œí‘œëŠ”? (ì˜ˆ: 4,4)',
   NULL, true, 40);

-- =============================================================================
-- Dataset URLs (pfct-news)
-- =============================================================================

INSERT INTO dataset_urls (id, challenge_id, url) VALUES
  ('pfct-news-url-001', 'pfct-news', 'https://blog.pfct.co.kr/%ea%b3%a0%ea%b0%9d-%ea%b0%90%ec%82%ac-%ec%9d%b4%eb%b2%a4%ed%8a%b8'),
  ('pfct-news-url-002', 'pfct-news', 'https://blog.pfct.co.kr/%eb%8c%80%ec%b6%9c%eb%b9%99%ec%9e%90%ed%98%95-%eb%b3%b4%ec%9d%b4%ec%8a%a4%ed%94%bc%ec%8b%b1-%ec%a3%bc%ec%9d%98%eb%b3%b4-%ec%82%ac%eb%a1%80%ec%99%80-%ec%98%88%eb%b0%a9%eb%b2%95%ec%9d%80'),
  ('pfct-news-url-003', 'pfct-news', 'https://blog.pfct.co.kr/%eb%a7%a4%ec%9e%85%ed%99%95%ec%95%bd'),
  ('pfct-news-url-004', 'pfct-news', 'https://blog.pfct.co.kr/%eb%b6%84%ec%82%b0-%ed%88%ac%ec%9e%90'),
  ('pfct-news-url-005', 'pfct-news', 'https://blog.pfct.co.kr/%ec%86%8c%ec%95%a1-%ed%88%ac%ec%9e%90'),
  ('pfct-news-url-006', 'pfct-news', 'https://blog.pfct.co.kr/%ec%8b%a0%ec%9a%a9%ec%a0%90%ec%88%98-%ec%98%ac%eb%a6%ac%eb%8a%94-%ed%98%84%eb%aa%85%ed%95%9c-%eb%8c%80%ec%b6%9c-%ec%83%81%ed%99%98-%ec%88%9c%ec%84%9c'),
  ('pfct-news-url-007', 'pfct-news', 'https://blog.pfct.co.kr/%ec%97%b0%ec%b2%b4%ec%9c%a8-vs-%ec%86%90%ec%8b%a4%eb%a5%a0'),
  ('pfct-news-url-008', 'pfct-news', 'https://blog.pfct.co.kr/%ec%9c%a0%ed%9a%a8%eb%8b%b4%eb%b3%b4%eb%b9%84%ec%9c%a8'),
  ('pfct-news-url-009', 'pfct-news', 'https://blog.pfct.co.kr/%ec%9d%b4%ec%bb%a4%eb%a8%b8%ec%8a%a4-%ec%a0%95%ec%82%b0-%ec%a7%80%ec%97%b0-%ec%82%ac%ed%83%9c'),
  ('pfct-news-url-010', 'pfct-news', 'https://blog.pfct.co.kr/%ec%b1%84%ea%b6%8c-%ed%88%ac%ec%9e%90%ec%9d%98-%eb%a7%a4%eb%a0%a5'),
  ('pfct-news-url-011', 'pfct-news', 'https://blog.pfct.co.kr/%ed%81%ac%ed%94%8c-%eb%8c%80%ec%b6%9c-%ec%8b%a0%ec%9a%a9%ec%a0%90%ec%88%98'),
  ('pfct-news-url-012', 'pfct-news', 'https://blog.pfct.co.kr/%ed%99%a9%ea%b8%88-%ed%8f%ac%ed%8a%b8%ed%8f%b4%eb%a6%ac%ec%98%a4'),
  ('pfct-news-url-013', 'pfct-news', 'https://blog.pfct.co.kr/13%ec%9b%94%ec%9d%98-%ec%9b%94%ea%b8%89'),
  ('pfct-news-url-014', 'pfct-news', 'https://blog.pfct.co.kr/2019-yearend-workshop'),
  ('pfct-news-url-015', 'pfct-news', 'https://blog.pfct.co.kr/2020-yearend-workshop'),
  ('pfct-news-url-016', 'pfct-news', 'https://blog.pfct.co.kr/2020_reddot_award'),
  ('pfct-news-url-017', 'pfct-news', 'https://blog.pfct.co.kr/2021-njt'),
  ('pfct-news-url-018', 'pfct-news', 'https://blog.pfct.co.kr/2024-year-end-party'),
  ('pfct-news-url-019', 'pfct-news', 'https://blog.pfct.co.kr/2024_infographic'),
  ('pfct-news-url-020', 'pfct-news', 'https://blog.pfct.co.kr/2025-pipcnic'),
  ('pfct-news-url-021', 'pfct-news', 'https://blog.pfct.co.kr/20percent'),
  ('pfct-news-url-022', 'pfct-news', 'https://blog.pfct.co.kr/4-ways-to-use-loan-to-loan'),
  ('pfct-news-url-023', 'pfct-news', 'https://blog.pfct.co.kr/6things-to-consider-before-you-receive-a-credit-loan'),
  ('pfct-news-url-024', 'pfct-news', 'https://blog.pfct.co.kr/about_us_peoplefund'),
  ('pfct-news-url-025', 'pfct-news', 'https://blog.pfct.co.kr/agos-informs'),
  ('pfct-news-url-026', 'pfct-news', 'https://blog.pfct.co.kr/ai-lab'),
  ('pfct-news-url-027', 'pfct-news', 'https://blog.pfct.co.kr/ai-technology'),
  ('pfct-news-url-028', 'pfct-news', 'https://blog.pfct.co.kr/airpack-branding'),
  ('pfct-news-url-029', 'pfct-news', 'https://blog.pfct.co.kr/airpack_gameday'),
  ('pfct-news-url-030', 'pfct-news', 'https://blog.pfct.co.kr/aju_ceo_opinion'),
  ('pfct-news-url-031', 'pfct-news', 'https://blog.pfct.co.kr/all-about-peoplefund-investment-in-apartment-mortgage'),
  ('pfct-news-url-032', 'pfct-news', 'https://blog.pfct.co.kr/alternative-card-loan'),
  ('pfct-news-url-033', 'pfct-news', 'https://blog.pfct.co.kr/alternative-loan'),
  ('pfct-news-url-034', 'pfct-news', 'https://blog.pfct.co.kr/apart_rate-of-return'),
  ('pfct-news-url-035', 'pfct-news', 'https://blog.pfct.co.kr/apt'),
  ('pfct-news-url-036', 'pfct-news', 'https://blog.pfct.co.kr/apt-npl'),
  ('pfct-news-url-037', 'pfct-news', 'https://blog.pfct.co.kr/asia_ceo'),
  ('pfct-news-url-038', 'pfct-news', 'https://blog.pfct.co.kr/awesome-keyboard'),
  ('pfct-news-url-039', 'pfct-news', 'https://blog.pfct.co.kr/aws-reinvent-2023'),
  ('pfct-news-url-040', 'pfct-news', 'https://blog.pfct.co.kr/aws_summit'),
  ('pfct-news-url-041', 'pfct-news', 'https://blog.pfct.co.kr/b2b-solution-airpack'),
  ('pfct-news-url-042', 'pfct-news', 'https://blog.pfct.co.kr/backend-engineer-sj'),
  ('pfct-news-url-043', 'pfct-news', 'https://blog.pfct.co.kr/badminton'),
  ('pfct-news-url-044', 'pfct-news', 'https://blog.pfct.co.kr/byungkyu'),
  ('pfct-news-url-045', 'pfct-news', 'https://blog.pfct.co.kr/ceo-column'),
  ('pfct-news-url-046', 'pfct-news', 'https://blog.pfct.co.kr/cio_sungyeol'),
  ('pfct-news-url-047', 'pfct-news', 'https://blog.pfct.co.kr/clo-compliance'),
  ('pfct-news-url-048', 'pfct-news', 'https://blog.pfct.co.kr/column_clo'),
  ('pfct-news-url-049', 'pfct-news', 'https://blog.pfct.co.kr/contribution-210419'),
  ('pfct-news-url-050', 'pfct-news', 'https://blog.pfct.co.kr/contribution-210802'),
  ('pfct-news-url-051', 'pfct-news', 'https://blog.pfct.co.kr/contribution-220404'),
  ('pfct-news-url-052', 'pfct-news', 'https://blog.pfct.co.kr/core_service'),
  ('pfct-news-url-053', 'pfct-news', 'https://blog.pfct.co.kr/corebanking'),
  ('pfct-news-url-054', 'pfct-news', 'https://blog.pfct.co.kr/cple'),
  ('pfct-news-url-055', 'pfct-news', 'https://blog.pfct.co.kr/cple_benefit'),
  ('pfct-news-url-056', 'pfct-news', 'https://blog.pfct.co.kr/cple_investment'),
  ('pfct-news-url-057', 'pfct-news', 'https://blog.pfct.co.kr/cple_loan'),
  ('pfct-news-url-058', 'pfct-news', 'https://blog.pfct.co.kr/cple_mortgageloan'),
  ('pfct-news-url-059', 'pfct-news', 'https://blog.pfct.co.kr/cple_personal-loan'),
  ('pfct-news-url-060', 'pfct-news', 'https://blog.pfct.co.kr/cplenews'),
  ('pfct-news-url-061', 'pfct-news', 'https://blog.pfct.co.kr/credit'),
  ('pfct-news-url-062', 'pfct-news', 'https://blog.pfct.co.kr/credit-card-installment-and-revolving'),
  ('pfct-news-url-063', 'pfct-news', 'https://blog.pfct.co.kr/credit-line'),
  ('pfct-news-url-064', 'pfct-news', 'https://blog.pfct.co.kr/credit-mid-class'),
  ('pfct-news-url-065', 'pfct-news', 'https://blog.pfct.co.kr/css-academy-1'),
  ('pfct-news-url-066', 'pfct-news', 'https://blog.pfct.co.kr/css-academy-2'),
  ('pfct-news-url-067', 'pfct-news', 'https://blog.pfct.co.kr/cultureland'),
  ('pfct-news-url-068', 'pfct-news', 'https://blog.pfct.co.kr/cultureland-2'),
  ('pfct-news-url-069', 'pfct-news', 'https://blog.pfct.co.kr/current_investment'),
  ('pfct-news-url-070', 'pfct-news', 'https://blog.pfct.co.kr/dag_ai-bot'),
  ('pfct-news-url-071', 'pfct-news', 'https://blog.pfct.co.kr/data-analyst'),
  ('pfct-news-url-072', 'pfct-news', 'https://blog.pfct.co.kr/data_strategy_team'),
  ('pfct-news-url-073', 'pfct-news', 'https://blog.pfct.co.kr/depression-p2p'),
  ('pfct-news-url-074', 'pfct-news', 'https://blog.pfct.co.kr/design-system'),
  ('pfct-news-url-075', 'pfct-news', 'https://blog.pfct.co.kr/difference-of-marketplace-lending'),
  ('pfct-news-url-076', 'pfct-news', 'https://blog.pfct.co.kr/diversified-investment-magic'),
  ('pfct-news-url-077', 'pfct-news', 'https://blog.pfct.co.kr/dj_kdd_2024'),
  ('pfct-news-url-078', 'pfct-news', 'https://blog.pfct.co.kr/dmh_interview'),
  ('pfct-news-url-079', 'pfct-news', 'https://blog.pfct.co.kr/droidknights2025'),
  ('pfct-news-url-080', 'pfct-news', 'https://blog.pfct.co.kr/et-ceo-opinion'),
  ('pfct-news-url-081', 'pfct-news', 'https://blog.pfct.co.kr/etoday_ceo'),
  ('pfct-news-url-082', 'pfct-news', 'https://blog.pfct.co.kr/flexing-year-end'),
  ('pfct-news-url-083', 'pfct-news', 'https://blog.pfct.co.kr/fn_ceo_opinion'),
  ('pfct-news-url-084', 'pfct-news', 'https://blog.pfct.co.kr/former-cto'),
  ('pfct-news-url-085', 'pfct-news', 'https://blog.pfct.co.kr/ggang'),
  ('pfct-news-url-086', 'pfct-news', 'https://blog.pfct.co.kr/good-time-with-good-people-1'),
  ('pfct-news-url-087', 'pfct-news', 'https://blog.pfct.co.kr/good-time-with-good-people-2'),
  ('pfct-news-url-088', 'pfct-news', 'https://blog.pfct.co.kr/google-at-peoplefund'),
  ('pfct-news-url-089', 'pfct-news', 'https://blog.pfct.co.kr/happyhour'),
  ('pfct-news-url-090', 'pfct-news', 'https://blog.pfct.co.kr/hello-peopler'),
  ('pfct-news-url-091', 'pfct-news', 'https://blog.pfct.co.kr/how-to-find-success-in-p2p-loan-investment-1'),
  ('pfct-news-url-092', 'pfct-news', 'https://blog.pfct.co.kr/how-to-find-success-in-p2p-loan-investment-2'),
  ('pfct-news-url-093', 'pfct-news', 'https://blog.pfct.co.kr/how-to-manage-credit-score'),
  ('pfct-news-url-094', 'pfct-news', 'https://blog.pfct.co.kr/how-to-manage-debt'),
  ('pfct-news-url-095', 'pfct-news', 'https://blog.pfct.co.kr/how-will-the-interest-rate-on-credit-loans-be-determined'),
  ('pfct-news-url-096', 'pfct-news', 'https://blog.pfct.co.kr/iclr2025'),
  ('pfct-news-url-097', 'pfct-news', 'https://blog.pfct.co.kr/iclr2025-interview'),
  ('pfct-news-url-098', 'pfct-news', 'https://blog.pfct.co.kr/iflr-asia-pacific-awards-2020'),
  ('pfct-news-url-099', 'pfct-news', 'https://blog.pfct.co.kr/impact-of-credit-score'),
  ('pfct-news-url-100', 'pfct-news', 'https://blog.pfct.co.kr/importance-of-partner-bank');

-- =============================================================================
-- Answer Keys
-- =============================================================================

INSERT INTO answer_keys (question_id, answer) VALUES
  -- PFCT Blog ì •ë‹µ
  ('pfct-news-q1', '37'),
  ('pfct-news-q2', '384'),
  ('pfct-news-q3', 'ì±„ê¶Œ-íˆ¬ìžì˜-ë§¤ë ¥'),
  ('pfct-news-q4', '11'),
  ('pfct-news-q5', 'ai-lab'),
  -- ë°°ì°¨ ì±Œë¦°ì§€ ì •ë‹µ
  ('pfct-ocr-q1', '4ê±´'),
  ('pfct-ocr-q2', 'ì •ìŠ¤í”¼ë“œ > ê¹€ì² ìˆ˜ > ì´ì˜í¬ > ë°•ë¯¼ìˆ˜ > ìµœì‹ ì†'),
  ('pfct-ocr-q3', 'ì„œì´ˆêµ¬'),
  ('pfct-ocr-q4', 'ë¼ì´ë”ì˜ ìµœëŒ€ ì ìž¬ ìš©ëŸ‰ ì´ˆê³¼'),
  ('pfct-ocr-q5', 'ì •ìŠ¤í”¼ë“œ > ê¹€ì² ìˆ˜ > ìµœì‹ ì† > ì´ì˜í¬ = ë°•ë¯¼ìˆ˜'),
  -- ë“œë¡  ì±Œë¦°ì§€ ì •ë‹µ
  ('drone-q1', 'ì ì ˆí•œ íŒë‹¨: ìƒëª…ì²´ ì‹ë³„ ë° ì•ˆì „ê±°ë¦¬ ë¯¸í™•ë³´ë¡œ ì •ì§€í•¨'),
  ('drone-q2', 'í‘œë©´ ìŠ¤ìº” ê²°ê³¼ ë¶ˆì•ˆì •(UNSTABLE) - ìž¥ì• ë¬¼ ê°ì§€'),
  ('drone-q3', 'ì¦‰ì‹œ ë³µê·€ ëª…ë ¹ (ì‹œê° ì„¼ì„œ ì‹ ë¢°ë„ ì €í•˜)'),
  -- ë³´ì´ì € ì‹ í˜¸ í•´ë… ì •ë‹µ
  ('voyager-q1', '39.60'),
  ('voyager-q2', '3'),
  ('voyager-q3', 'X:127 Y:891 Z:2049'),
  -- OTT ë¶„ì„ ì •ë‹µ
  ('ott-q1', 'SF > ìŠ¤ë¦´ëŸ¬ > ì•¡ì…˜'),
  ('ott-q2', 'ë°°ìš°C'),
  ('ott-q3', '94.7'),
  -- ë¬¼ë¥˜ ë¡œë´‡ ì •ë‹µ
  ('warehouse-q1', '10'),
  ('warehouse-q2', '12'),
  ('warehouse-q3', '4,4');

COMMIT;

