order_id,region,x,y,weight,assigned_rider,raw_distance,weighted_distance
ORD_01,강남구,1,1,5,김철수,1.41,1.13
ORD_02,서초구,4,4,12,이영희,1.41,1.13
ORD_03,강남구,2,2,8,박민수,1.41,1.41
ORD_04,송파구,9,2,11,최신속,1.41,1.13
ORD_05,강남구,0,2,3,김철수,2.0,1.6
ORD_06,서초구,6,8,15,정스피드,3.16,2.53
ORD_07,역삼동,3,3,7,박민수,1.0,0.8
ORD_08,서초구,5,4,8,이영희,1.0,0.8
ORD_09,강남구,1,0,5,정스피드,7.28,7.28
ORD_10,송파구,7,1,3,최신속,1.0,0.8
