[
  {
    "id": "R01",
    "name": "김철수",
    "x": 0,
    "y": 0,
    "capacity": 10,
    "pref_region": "강남구"
  },
  {
    "id": "R02",
    "name": "이영희",
    "x": 5,
    "y": 5,
    "capacity": 20,
    "pref_region": "서초구"
  },
  {
    "id": "R03",
    "name": "박민수",
    "x": 2,
    "y": 3,
    "capacity": 15,
    "pref_region": "역삼동"
  },
  {
    "id": "R04",
    "name": "최신속",
    "x": 8,
    "y": 1,
    "capacity": 15,
    "pref_region": "송파구"
  },
  {
    "id": "R05",
    "name": "정스피드",
    "x": 3,
    "y": 7,
    "capacity": 30,
    "pref_region": "서초구"
  }
]